customer_id,customer_name,customer_segment,Country,credit_limit,status,created_date
1,Voomm,Enterprise,Serbia,93632,ACTIVE,11/25/2025
2,Twitterworks,SMB,Portugal,222225,ACTIVE,8/29/2025
3,Wikido,SMB,Indonesia,162350,INACTIVE,07-02-2025
4,Quatz,Mid,Indonesia,350634,ACTIVE,05-04-2025
5,Twinte,Mid,Brazil,191735,INACTIVE,10/17/2025
6,Ntag,Mid,Costa Rica,452048,ACTIVE,04-12-2025
7,Edgeify,SMB,Portugal,317943,ACTIVE,5/30/2025
8,Katz,SMB,China,26154,INACTIVE,08-04-2025
9,Skyndu,Mid,China,278156,ACTIVE,08-08-2025
10,Katz,Mid,Czech Republic,384568,ACTIVE,9/17/2025
11,Kwimbee,SMB,France,87536,ACTIVE,04-11-2025
12,Yata,Enterprise,Indonesia,296694,ACTIVE,8/22/2025
13,Eadel,Mid,Tunisia,422482,INACTIVE,11/29/2025
14,Jatri,SMB,Portugal,318961,INACTIVE,02-12-2025
15,Skippad,SMB,Palestinian Territory,265442,INACTIVE,4/16/2025
16,Trudeo,Enterprise,Syria,494249,INACTIVE,9/13/2025
17,Yombu,Enterprise,Indonesia,105733,INACTIVE,3/29/2025
18,Devify,Enterprise,Estonia,442767,ACTIVE,3/15/2025
19,Realpoint,SMB,China,331560,ACTIVE,11-06-2025
20,Brightbean,Enterprise,Philippines,126789,ACTIVE,4/26/2025
21,Brightdog,Enterprise,Brazil,400109,INACTIVE,08-05-2025
22,Photofeed,SMB,China,166212,INACTIVE,10/20/2025
23,Flashspan,Enterprise,China,479366,INACTIVE,11-08-2025
24,Edgewire,Mid,Malaysia,197684,INACTIVE,11-03-2025
25,Skalith,Mid,Philippines,138846,ACTIVE,4/15/2025
26,Youfeed,Enterprise,Croatia,83027,INACTIVE,10-04-2025
27,Oozz,SMB,China,256961,ACTIVE,12-12-2025
28,Jabbercube,Mid,Tanzania,312923,ACTIVE,10-09-2025
29,Myworks,SMB,Brazil,357645,ACTIVE,1/28/2026
30,Yacero,Enterprise,China,325351,ACTIVE,2/17/2025
31,Divape,Mid,Japan,496683,INACTIVE,10-12-2025
32,Buzzdog,Enterprise,Japan,337508,ACTIVE,12-09-2025
33,Skyble,SMB,Argentina,38130,INACTIVE,7/23/2025
34,Yombu,Enterprise,China,247917,ACTIVE,10/16/2025
35,Blogtag,SMB,Colombia,311460,INACTIVE,10-07-2025
36,Fivebridge,SMB,Philippines,135454,ACTIVE,07-05-2025
37,Bubblemix,Enterprise,Indonesia,199649,ACTIVE,11/13/2025
38,Leenti,Mid,China,300686,INACTIVE,7/22/2025
39,InnoZ,Mid,Senegal,98337,ACTIVE,2/24/2025
40,Meembee,Mid,Thailand,41853,INACTIVE,12/26/2025
41,Jaloo,Mid,France,130417,INACTIVE,12-04-2025
42,Twiyo,Enterprise,Azerbaijan,301141,INACTIVE,7/20/2025
43,Abatz,SMB,China,213876,ACTIVE,10/27/2025
44,Kayveo,SMB,Mexico,129211,ACTIVE,12/26/2025
45,Oozz,Enterprise,Indonesia,309884,INACTIVE,4/14/2025
46,Blogpad,Enterprise,Ukraine,401913,INACTIVE,01-07-2026
47,Plajo,SMB,Poland,417421,INACTIVE,08-10-2025
48,Kare,Mid,Thailand,107914,ACTIVE,06-01-2025
49,Eamia,Enterprise,China,426387,INACTIVE,2/17/2025
50,Wordify,Mid,China,317246,ACTIVE,8/28/2025
51,Trudeo,Mid,Poland,217548,INACTIVE,11/14/2025
52,Skivee,Mid,Belarus,252897,INACTIVE,12/26/2025
53,Edgeify,Enterprise,Indonesia,373320,INACTIVE,11/20/2025
54,Ailane,Mid,Finland,48005,ACTIVE,08-11-2025
55,Thoughtworks,Mid,Nigeria,309326,ACTIVE,9/24/2025
56,Midel,Enterprise,Belarus,100598,INACTIVE,10-03-2025
57,Edgepulse,Enterprise,Portugal,216505,INACTIVE,8/23/2025
58,Ailane,Enterprise,China,306544,INACTIVE,9/19/2025
59,Skyvu,Enterprise,Mexico,88403,INACTIVE,12-02-2025
60,Snaptags,Mid,Indonesia,299407,ACTIVE,07-11-2025
61,Wordtune,SMB,Indonesia,395226,INACTIVE,10-04-2025
62,Fivebridge,Mid,Greece,493553,ACTIVE,2/17/2025
63,Roodel,Enterprise,Indonesia,78015,ACTIVE,05-03-2025
64,Brainlounge,SMB,China,106443,INACTIVE,4/13/2025
65,Eabox,SMB,Indonesia,355685,ACTIVE,10/23/2025
66,Fatz,SMB,Pakistan,463245,INACTIVE,09-10-2025
67,Zoomcast,Enterprise,Peru,84820,INACTIVE,08-12-2025
68,Gevee,Enterprise,Philippines,303924,ACTIVE,9/22/2025
69,Demimbu,SMB,Norway,333577,INACTIVE,07-04-2025
70,Tagchat,Mid,Finland,225454,INACTIVE,3/29/2025
71,Agimba,SMB,Philippines,246828,INACTIVE,4/29/2025
72,Brightbean,Mid,Yemen,392062,ACTIVE,5/27/2025
73,Vidoo,Mid,Japan,383802,ACTIVE,05-12-2025
74,Jabbertype,Enterprise,Poland,192690,INACTIVE,7/28/2025
75,Photospace,Mid,Argentina,415394,INACTIVE,10/16/2025
76,Quamba,SMB,Uruguay,359512,INACTIVE,05-04-2025
77,Devpulse,SMB,Japan,132281,INACTIVE,07-12-2025
78,Linktype,Enterprise,Portugal,129983,INACTIVE,5/22/2025
79,Wikizz,SMB,Brazil,70960,INACTIVE,3/17/2025
80,Dabtype,Enterprise,Brazil,69304,ACTIVE,12/30/2025
81,Tagfeed,SMB,Indonesia,287414,INACTIVE,7/13/2025
82,Layo,SMB,Afghanistan,395852,INACTIVE,5/29/2025
83,Gigabox,Mid,China,472440,ACTIVE,5/26/2025
84,Feedmix,Mid,Peru,421730,INACTIVE,09-10-2025
85,Blognation,Enterprise,Philippines,187494,INACTIVE,3/13/2025
86,Zoonder,Enterprise,Poland,463418,INACTIVE,01-10-2026
87,Youtags,SMB,Philippines,429190,INACTIVE,06-04-2025
88,Zoonoodle,SMB,Poland,440264,INACTIVE,3/20/2025
89,Kamba,Mid,Philippines,485479,ACTIVE,9/25/2025
90,Tazz,Mid,Philippines,345010,INACTIVE,11/22/2025
91,Yakitri,Mid,Brazil,215549,INACTIVE,4/30/2025
92,Browsebug,SMB,Costa Rica,381270,ACTIVE,11/22/2025
93,Buzzster,Enterprise,Peru,218220,INACTIVE,10-05-2025
94,Eayo,Mid,Russia,97508,INACTIVE,10-02-2025
95,Flashset,Mid,Laos,342747,INACTIVE,06-04-2025
96,Brainlounge,Enterprise,Indonesia,327872,INACTIVE,3/31/2025
97,Eayo,Mid,China,302775,INACTIVE,5/16/2025
98,Trunyx,Mid,China,37662,INACTIVE,03-08-2025
99,Jayo,SMB,China,331817,INACTIVE,05-10-2025
100,Rhynyx,SMB,Yemen,319547,ACTIVE,5/18/2025
101,Rhynoodle,Mid,Indonesia,189053,ACTIVE,2/16/2025
102,Topicblab,Enterprise,Russia,244579,ACTIVE,6/16/2025
103,Jabbersphere,Mid,Japan,198071,ACTIVE,06-07-2025
104,Thoughtmix,Enterprise,Iran,91749,INACTIVE,10-09-2025
105,Youspan,SMB,Portugal,301602,INACTIVE,5/30/2025
106,Vipe,SMB,China,325719,ACTIVE,1/27/2026
107,Photofeed,Mid,China,402574,INACTIVE,02-08-2025
108,Vitz,Mid,Indonesia,493378,INACTIVE,08-01-2025
109,Edgewire,Enterprise,Czech Republic,415644,ACTIVE,01-05-2026
110,Vinte,SMB,Ireland,268211,ACTIVE,06-02-2025
111,Gigabox,Mid,Philippines,151892,INACTIVE,1/19/2026
112,Avaveo,SMB,Syria,135635,INACTIVE,6/26/2025
113,Skilith,Mid,Bolivia,439729,ACTIVE,12-04-2025
114,Yombu,Mid,France,199840,ACTIVE,4/21/2025
115,Edgepulse,SMB,Philippines,455687,INACTIVE,07-06-2025
116,Voonder,Mid,Mexico,344908,INACTIVE,9/29/2025
117,Bubblemix,Mid,Indonesia,328790,ACTIVE,04-01-2025
118,Wikizz,Enterprise,Guatemala,207141,INACTIVE,9/24/2025
119,Centimia,Enterprise,Peru,428908,ACTIVE,7/13/2025
120,Youfeed,SMB,Poland,219402,INACTIVE,12/16/2025
121,Omba,Mid,Indonesia,237189,ACTIVE,05-11-2025
122,Twinte,Enterprise,China,190636,ACTIVE,4/19/2025
123,Zoombox,Enterprise,Venezuela,256835,INACTIVE,7/18/2025
124,Rhynoodle,Mid,Armenia,113955,ACTIVE,6/26/2025
125,Meetz,SMB,China,160587,ACTIVE,11/13/2025
126,Edgetag,Mid,China,230999,INACTIVE,12/24/2025
127,Zoomcast,Mid,China,52349,ACTIVE,07-08-2025
128,Dynabox,Mid,Croatia,411241,ACTIVE,8/16/2025
129,Oyope,Mid,Russia,340972,INACTIVE,02-01-2026
130,Eimbee,SMB,China,491526,INACTIVE,07-07-2025
131,Tazz,Enterprise,Poland,339398,ACTIVE,10-11-2025
132,Youbridge,SMB,Indonesia,352547,ACTIVE,10-12-2025
133,Brightdog,Enterprise,Bangladesh,326339,ACTIVE,03-08-2025
134,Einti,Enterprise,El Salvador,395123,INACTIVE,02-04-2026
135,Thoughtstorm,Enterprise,China,107757,INACTIVE,11/26/2025
136,Dablist,Mid,Italy,39073,INACTIVE,09-08-2025
137,Voolia,Enterprise,Russia,296571,INACTIVE,3/15/2025
138,Blogpad,Mid,Brazil,490230,INACTIVE,12-07-2025
139,DabZ,Enterprise,Finland,492664,INACTIVE,7/18/2025
140,Wikido,Mid,China,192931,ACTIVE,6/16/2025
141,Tanoodle,Mid,China,407156,ACTIVE,09-11-2025
142,Realcube,Mid,Russia,194195,ACTIVE,10-06-2025
143,Realbuzz,Enterprise,Peru,230686,INACTIVE,06-03-2025
144,Talane,SMB,China,29570,INACTIVE,2/22/2025
145,Skaboo,Enterprise,Colombia,335473,ACTIVE,8/30/2025
146,Jabbercube,SMB,Philippines,440436,ACTIVE,11/22/2025
147,Youspan,SMB,China,295119,INACTIVE,04-03-2025
148,Wordpedia,Enterprise,Poland,61406,ACTIVE,10-06-2025
149,DabZ,Enterprise,France,494243,ACTIVE,8/24/2025
150,Edgetag,SMB,Haiti,189675,ACTIVE,10/25/2025
151,Mynte,Mid,Philippines,82103,ACTIVE,03-06-2025
152,Realfire,SMB,France,402040,INACTIVE,3/21/2025
153,Topdrive,SMB,Indonesia,394497,INACTIVE,9/27/2025
154,Photobean,SMB,Ecuador,112044,INACTIVE,3/17/2025
155,Teklist,SMB,China,362473,ACTIVE,3/16/2025
156,Buzzdog,Enterprise,Indonesia,313330,INACTIVE,11/16/2025
157,Rhyzio,Enterprise,China,290779,INACTIVE,10-10-2025
158,Pixoboo,Mid,Russia,363180,ACTIVE,10/20/2025
159,Quinu,SMB,Philippines,20797,ACTIVE,8/28/2025
160,Brainbox,Enterprise,Albania,301669,INACTIVE,03-12-2025
161,Kaymbo,Mid,Indonesia,484305,INACTIVE,3/18/2025
162,Babbleopia,SMB,Colombia,129020,ACTIVE,09-12-2025
163,Kare,Mid,Indonesia,280116,ACTIVE,5/26/2025
164,Skippad,Mid,Tanzania,434711,INACTIVE,8/21/2025
165,Jetwire,Enterprise,United States,297264,ACTIVE,06-03-2025
166,Tagfeed,Enterprise,Indonesia,440861,ACTIVE,9/20/2025
167,Jaloo,SMB,Brazil,151694,ACTIVE,04-11-2025
168,Mydeo,SMB,Poland,169697,INACTIVE,2/26/2025
169,Photobug,SMB,United States,326108,INACTIVE,02-02-2026
170,Zoovu,SMB,Serbia,331701,ACTIVE,3/21/2025
171,Trudoo,Mid,Colombia,171882,INACTIVE,03-04-2025
172,Twinte,Mid,Latvia,378116,INACTIVE,12-07-2025
173,Yacero,SMB,Indonesia,499095,INACTIVE,1/19/2026
174,Latz,Mid,Portugal,210755,INACTIVE,4/13/2025
175,Blogpad,SMB,Philippines,34331,ACTIVE,7/21/2025
176,Skinix,SMB,Germany,173743,ACTIVE,7/14/2025
177,Dynazzy,Mid,Brazil,489051,ACTIVE,04-01-2025
178,Mybuzz,Enterprise,China,406640,INACTIVE,07-01-2025
179,Flipstorm,Mid,Indonesia,315445,ACTIVE,06-05-2025
180,Fadeo,Enterprise,Indonesia,311923,ACTIVE,9/28/2025
181,Rhyloo,Mid,Indonesia,412597,INACTIVE,12-10-2025
182,Jayo,Enterprise,China,495519,INACTIVE,02-10-2025
183,Brightdog,Enterprise,China,357051,ACTIVE,01-03-2026
184,Eamia,Enterprise,China,342161,INACTIVE,1/13/2026
185,Roomm,SMB,Saint Kitts and Nevis,167742,INACTIVE,9/14/2025
186,Blognation,Enterprise,China,80059,INACTIVE,9/18/2025
187,Trilia,Mid,Brazil,210432,INACTIVE,04-07-2025
188,Oyope,Enterprise,China,470967,ACTIVE,10-12-2025
189,Feedmix,Mid,Indonesia,199455,INACTIVE,02-04-2026
190,Flashspan,SMB,Serbia,165759,INACTIVE,2/13/2025
191,Photobean,Mid,Colombia,184666,INACTIVE,10-11-2025
192,Jaxspan,SMB,Portugal,289993,ACTIVE,7/14/2025
193,Realfire,Mid,Philippines,24343,INACTIVE,7/30/2025
194,Abatz,Mid,Colombia,465470,INACTIVE,02-05-2026
195,Zoomzone,SMB,United Kingdom,425341,ACTIVE,11-05-2025
196,Rhyloo,Enterprise,Paraguay,421114,ACTIVE,07-01-2025
197,Linklinks,SMB,China,471196,INACTIVE,12/25/2025
198,Ailane,Mid,China,394730,INACTIVE,1/20/2026
199,Quinu,Enterprise,Greece,68142,ACTIVE,5/25/2025
200,Zoonder,Enterprise,Russia,452736,ACTIVE,4/17/2025
