dunning_id,invoice_id,action_date,action_type,action_result
1,719,3/24/2025,EMAIL,SENT
2,592,1/2/2026,NOTICE,SENT
3,616,1/14/2026,NOTICE,SENT
4,756,11/7/2025,CALL,SENT
5,326,2/9/2025,CALL,IGNORED
6,183,7/18/2025,NOTICE,RESPONDED
7,702,8/8/2025,NOTICE,SENT
8,252,7/29/2025,NOTICE,RESPONDED
9,69,9/1/2025,CALL,RESPONDED
10,47,11/22/2025,EMAIL,IGNORED
11,700,7/2/2025,EMAIL,SENT
12,422,9/20/2025,NOTICE,SENT
13,515,4/17/2025,CALL,SENT
14,734,11/29/2025,NOTICE,RESPONDED
15,675,8/7/2025,NOTICE,SENT
16,730,2/25/2025,NOTICE,RESPONDED
17,292,10/7/2025,CALL,RESPONDED
18,612,6/27/2025,NOTICE,IGNORED
19,767,5/12/2025,CALL,IGNORED
20,128,5/15/2025,NOTICE,RESPONDED
21,645,6/29/2025,EMAIL,IGNORED
22,21,3/15/2025,NOTICE,SENT
23,680,12/14/2025,CALL,IGNORED
24,697,10/19/2025,NOTICE,SENT
25,252,5/12/2025,EMAIL,RESPONDED
26,169,12/1/2025,EMAIL,IGNORED
27,43,12/23/2025,EMAIL,RESPONDED
28,383,10/14/2025,CALL,RESPONDED
29,550,1/18/2026,EMAIL,RESPONDED
30,360,6/20/2025,NOTICE,SENT
31,700,12/26/2025,CALL,SENT
32,198,7/12/2025,CALL,RESPONDED
33,543,12/23/2025,CALL,IGNORED
34,139,9/7/2025,NOTICE,IGNORED
35,649,10/10/2025,EMAIL,IGNORED
36,179,6/6/2025,NOTICE,IGNORED
37,723,11/15/2025,NOTICE,IGNORED
38,390,2/12/2025,NOTICE,RESPONDED
39,291,2/27/2025,CALL,RESPONDED
40,37,1/6/2026,EMAIL,RESPONDED
41,620,7/7/2025,CALL,IGNORED
42,28,5/12/2025,CALL,RESPONDED
43,265,11/22/2025,NOTICE,IGNORED
44,779,8/4/2025,CALL,IGNORED
45,226,6/17/2025,CALL,SENT
46,428,5/25/2025,EMAIL,RESPONDED
47,410,2/1/2026,EMAIL,SENT
48,10,4/21/2025,EMAIL,SENT
49,104,4/2/2025,CALL,RESPONDED
50,457,7/18/2025,EMAIL,SENT
51,461,2/23/2025,CALL,SENT
52,568,4/19/2025,NOTICE,RESPONDED
53,433,12/7/2025,CALL,RESPONDED
54,625,8/9/2025,CALL,IGNORED
55,580,10/10/2025,EMAIL,SENT
56,483,6/27/2025,EMAIL,SENT
57,442,7/1/2025,EMAIL,RESPONDED
58,298,8/13/2025,EMAIL,RESPONDED
59,427,12/9/2025,NOTICE,IGNORED
60,560,2/14/2025,NOTICE,IGNORED
61,671,7/26/2025,CALL,RESPONDED
62,631,2/10/2025,NOTICE,RESPONDED
63,319,12/17/2025,EMAIL,SENT
64,65,5/7/2025,CALL,RESPONDED
65,215,4/12/2025,EMAIL,IGNORED
66,601,12/26/2025,NOTICE,IGNORED
67,245,7/10/2025,CALL,SENT
68,717,12/6/2025,CALL,SENT
69,28,12/24/2025,EMAIL,SENT
70,331,7/13/2025,EMAIL,IGNORED
71,511,10/14/2025,EMAIL,SENT
72,453,8/8/2025,EMAIL,RESPONDED
73,621,5/27/2025,NOTICE,RESPONDED
74,604,12/6/2025,CALL,RESPONDED
75,72,3/27/2025,CALL,RESPONDED
76,185,5/28/2025,EMAIL,SENT
77,242,5/29/2025,CALL,IGNORED
78,15,4/23/2025,EMAIL,SENT
79,163,8/31/2025,NOTICE,IGNORED
80,125,11/22/2025,NOTICE,IGNORED
81,488,6/7/2025,EMAIL,SENT
82,604,11/2/2025,NOTICE,SENT
83,210,4/22/2025,CALL,SENT
84,795,8/30/2025,EMAIL,RESPONDED
85,398,4/19/2025,NOTICE,SENT
86,35,5/17/2025,CALL,SENT
87,312,11/27/2025,EMAIL,SENT
88,748,11/2/2025,NOTICE,SENT
89,304,9/20/2025,CALL,RESPONDED
90,2,9/11/2025,EMAIL,RESPONDED
91,120,7/10/2025,NOTICE,RESPONDED
92,379,9/30/2025,NOTICE,RESPONDED
93,598,5/23/2025,CALL,RESPONDED
94,608,9/2/2025,CALL,SENT
95,453,6/6/2025,NOTICE,SENT
96,248,4/12/2025,NOTICE,SENT
97,749,8/10/2025,CALL,SENT
98,399,5/28/2025,NOTICE,RESPONDED
99,673,1/27/2026,CALL,SENT
100,494,1/25/2026,EMAIL,IGNORED
101,779,5/10/2025,CALL,SENT
102,726,9/10/2025,CALL,IGNORED
103,534,10/5/2025,EMAIL,RESPONDED
104,24,2/28/2025,CALL,SENT
105,552,4/7/2025,EMAIL,RESPONDED
106,494,9/13/2025,EMAIL,IGNORED
107,393,9/17/2025,NOTICE,RESPONDED
108,491,2/7/2025,CALL,IGNORED
109,92,11/5/2025,EMAIL,IGNORED
110,414,2/21/2025,EMAIL,RESPONDED
111,14,7/2/2025,EMAIL,RESPONDED
112,608,12/23/2025,NOTICE,RESPONDED
113,90,4/14/2025,EMAIL,RESPONDED
114,510,11/3/2025,EMAIL,IGNORED
115,253,5/12/2025,NOTICE,IGNORED
116,55,6/17/2025,NOTICE,RESPONDED
117,418,9/15/2025,NOTICE,RESPONDED
118,554,11/5/2025,EMAIL,RESPONDED
119,307,4/2/2025,CALL,IGNORED
120,732,12/31/2025,CALL,SENT
121,4,11/2/2025,CALL,RESPONDED
122,476,1/27/2026,NOTICE,SENT
123,30,1/21/2026,NOTICE,RESPONDED
124,251,1/31/2026,EMAIL,IGNORED
125,157,6/13/2025,EMAIL,IGNORED
126,448,11/4/2025,CALL,IGNORED
127,384,4/7/2025,EMAIL,IGNORED
128,434,8/29/2025,CALL,RESPONDED
129,154,5/9/2025,EMAIL,IGNORED
130,613,10/13/2025,CALL,IGNORED
131,798,7/23/2025,CALL,RESPONDED
132,273,1/11/2026,CALL,SENT
133,291,2/19/2025,EMAIL,SENT
134,597,8/9/2025,EMAIL,RESPONDED
135,524,5/17/2025,CALL,IGNORED
136,454,6/30/2025,CALL,RESPONDED
137,123,1/19/2026,EMAIL,SENT
138,272,2/1/2026,CALL,RESPONDED
139,217,5/21/2025,EMAIL,IGNORED
140,694,11/16/2025,EMAIL,SENT
141,636,4/10/2025,NOTICE,SENT
142,195,1/2/2026,EMAIL,SENT
143,398,8/23/2025,CALL,RESPONDED
144,515,5/2/2025,EMAIL,SENT
145,270,4/3/2025,EMAIL,IGNORED
146,9,12/30/2025,EMAIL,RESPONDED
147,551,11/19/2025,CALL,IGNORED
148,321,5/4/2025,EMAIL,RESPONDED
149,242,8/19/2025,CALL,IGNORED
150,101,12/8/2025,EMAIL,IGNORED
151,320,6/8/2025,CALL,SENT
152,402,12/27/2025,CALL,RESPONDED
153,554,8/16/2025,NOTICE,SENT
154,686,2/8/2025,EMAIL,SENT
155,726,11/16/2025,NOTICE,RESPONDED
156,318,2/12/2025,CALL,SENT
157,484,6/15/2025,NOTICE,IGNORED
158,414,7/15/2025,EMAIL,IGNORED
159,173,3/21/2025,EMAIL,IGNORED
160,281,3/10/2025,EMAIL,SENT
161,250,1/21/2026,CALL,SENT
162,83,4/29/2025,EMAIL,IGNORED
163,393,12/20/2025,CALL,SENT
164,387,2/16/2025,NOTICE,IGNORED
165,479,3/14/2025,CALL,RESPONDED
166,667,12/20/2025,NOTICE,IGNORED
167,612,7/29/2025,CALL,SENT
168,274,9/7/2025,CALL,RESPONDED
169,301,10/7/2025,EMAIL,SENT
170,731,11/29/2025,NOTICE,RESPONDED
171,260,10/11/2025,CALL,IGNORED
172,278,5/29/2025,EMAIL,SENT
173,724,5/20/2025,NOTICE,SENT
174,368,5/18/2025,EMAIL,SENT
175,85,12/15/2025,NOTICE,IGNORED
176,142,7/27/2025,CALL,IGNORED
177,524,8/17/2025,CALL,SENT
178,326,11/5/2025,CALL,SENT
179,19,6/13/2025,EMAIL,RESPONDED
180,585,9/25/2025,NOTICE,SENT
181,198,8/19/2025,NOTICE,SENT
182,406,3/21/2025,NOTICE,IGNORED
183,28,6/27/2025,CALL,IGNORED
184,329,1/3/2026,NOTICE,RESPONDED
185,26,4/20/2025,NOTICE,IGNORED
186,266,10/24/2025,EMAIL,SENT
187,262,5/20/2025,EMAIL,SENT
188,480,1/11/2026,CALL,SENT
189,275,9/12/2025,CALL,IGNORED
190,732,9/28/2025,EMAIL,RESPONDED
191,392,6/17/2025,CALL,IGNORED
192,136,5/17/2025,NOTICE,SENT
193,291,8/8/2025,CALL,SENT
194,568,7/26/2025,NOTICE,IGNORED
195,733,3/10/2025,EMAIL,RESPONDED
196,764,4/29/2025,NOTICE,RESPONDED
197,207,5/18/2025,CALL,IGNORED
198,553,5/17/2025,CALL,RESPONDED
199,154,12/7/2025,EMAIL,RESPONDED
200,775,9/22/2025,CALL,IGNORED
201,378,4/25/2025,EMAIL,RESPONDED
202,684,5/25/2025,CALL,RESPONDED
203,475,1/4/2026,NOTICE,IGNORED
204,412,9/8/2025,EMAIL,SENT
205,416,1/11/2026,NOTICE,SENT
206,147,4/13/2025,NOTICE,IGNORED
207,213,7/27/2025,EMAIL,SENT
208,433,5/8/2025,EMAIL,RESPONDED
209,652,2/18/2025,NOTICE,RESPONDED
210,429,2/25/2025,EMAIL,RESPONDED
211,689,5/11/2025,NOTICE,IGNORED
212,768,12/11/2025,CALL,SENT
213,10,10/7/2025,CALL,RESPONDED
214,254,11/18/2025,EMAIL,SENT
215,775,9/17/2025,NOTICE,IGNORED
216,339,12/4/2025,NOTICE,SENT
217,574,4/29/2025,NOTICE,SENT
218,470,8/11/2025,EMAIL,SENT
219,377,10/24/2025,EMAIL,RESPONDED
220,791,7/20/2025,NOTICE,RESPONDED
221,187,6/1/2025,NOTICE,RESPONDED
222,180,2/18/2025,EMAIL,SENT
223,181,3/5/2025,NOTICE,RESPONDED
224,657,3/16/2025,EMAIL,SENT
225,154,1/15/2026,CALL,IGNORED
226,364,2/12/2025,EMAIL,IGNORED
227,276,12/20/2025,CALL,IGNORED
228,314,6/25/2025,NOTICE,RESPONDED
229,621,2/24/2025,CALL,RESPONDED
230,443,4/2/2025,NOTICE,RESPONDED
231,563,1/10/2026,EMAIL,IGNORED
232,195,10/30/2025,CALL,RESPONDED
233,227,2/27/2025,CALL,SENT
234,712,5/1/2025,CALL,SENT
235,155,12/22/2025,NOTICE,RESPONDED
236,36,1/25/2026,EMAIL,RESPONDED
237,308,10/16/2025,NOTICE,IGNORED
238,531,6/15/2025,EMAIL,IGNORED
239,328,7/27/2025,EMAIL,IGNORED
240,702,6/18/2025,CALL,RESPONDED
241,218,8/10/2025,CALL,IGNORED
242,368,2/27/2025,CALL,IGNORED
243,425,10/25/2025,EMAIL,SENT
244,105,3/22/2025,NOTICE,IGNORED
245,506,5/5/2025,EMAIL,SENT
246,771,12/27/2025,EMAIL,IGNORED
247,118,8/31/2025,CALL,RESPONDED
248,322,6/16/2025,CALL,RESPONDED
249,408,9/11/2025,CALL,IGNORED
250,324,1/3/2026,EMAIL,SENT
251,179,10/19/2025,EMAIL,RESPONDED
252,487,1/1/2026,EMAIL,IGNORED
253,603,6/8/2025,NOTICE,IGNORED
254,706,12/27/2025,NOTICE,IGNORED
255,327,1/2/2026,NOTICE,RESPONDED
256,378,12/4/2025,CALL,RESPONDED
257,416,12/21/2025,NOTICE,IGNORED
258,752,9/8/2025,CALL,IGNORED
259,736,1/6/2026,EMAIL,SENT
260,247,5/11/2025,NOTICE,RESPONDED
261,168,9/22/2025,NOTICE,RESPONDED
262,444,2/16/2025,EMAIL,SENT
263,749,10/7/2025,CALL,SENT
264,192,7/11/2025,EMAIL,RESPONDED
265,357,4/2/2025,EMAIL,IGNORED
266,698,9/23/2025,EMAIL,SENT
267,777,1/4/2026,NOTICE,SENT
268,153,11/23/2025,NOTICE,SENT
269,782,10/27/2025,EMAIL,IGNORED
270,610,5/2/2025,CALL,RESPONDED
271,169,2/26/2025,CALL,IGNORED
272,608,12/5/2025,NOTICE,IGNORED
273,586,4/15/2025,CALL,RESPONDED
274,615,4/6/2025,NOTICE,RESPONDED
275,633,4/1/2025,CALL,SENT
276,736,11/13/2025,EMAIL,IGNORED
277,264,7/26/2025,EMAIL,RESPONDED
278,100,12/3/2025,EMAIL,IGNORED
279,228,5/7/2025,NOTICE,RESPONDED
280,615,10/15/2025,CALL,SENT
281,239,10/18/2025,NOTICE,SENT
282,165,12/23/2025,CALL,RESPONDED
283,179,10/9/2025,EMAIL,IGNORED
284,506,4/24/2025,NOTICE,SENT
285,82,8/10/2025,NOTICE,SENT
286,101,5/3/2025,CALL,RESPONDED
287,585,11/10/2025,NOTICE,RESPONDED
288,142,8/25/2025,EMAIL,IGNORED
289,340,12/20/2025,EMAIL,RESPONDED
290,17,9/26/2025,CALL,SENT
291,655,5/7/2025,CALL,SENT
292,391,7/16/2025,CALL,IGNORED
293,153,2/6/2025,NOTICE,SENT
294,800,8/7/2025,CALL,SENT
295,92,4/12/2025,EMAIL,IGNORED
296,168,5/17/2025,EMAIL,RESPONDED
297,250,1/8/2026,EMAIL,RESPONDED
298,546,12/1/2025,NOTICE,SENT
299,481,8/21/2025,CALL,RESPONDED
300,73,4/15/2025,NOTICE,SENT
301,233,11/6/2025,EMAIL,SENT
302,512,5/8/2025,EMAIL,RESPONDED
303,541,1/15/2026,NOTICE,IGNORED
304,193,7/5/2025,EMAIL,RESPONDED
305,640,8/7/2025,EMAIL,RESPONDED
306,548,2/26/2025,NOTICE,SENT
307,576,11/4/2025,CALL,RESPONDED
308,14,5/14/2025,EMAIL,IGNORED
309,600,9/30/2025,CALL,SENT
310,302,2/3/2026,CALL,SENT
311,331,3/20/2025,CALL,SENT
312,304,6/11/2025,NOTICE,RESPONDED
313,239,2/7/2025,EMAIL,SENT
314,725,7/23/2025,NOTICE,SENT
315,109,7/30/2025,CALL,SENT
316,562,3/31/2025,NOTICE,SENT
317,739,4/10/2025,CALL,SENT
318,71,2/27/2025,CALL,RESPONDED
319,671,11/18/2025,CALL,SENT
320,581,9/30/2025,NOTICE,SENT
321,467,2/19/2025,CALL,RESPONDED
322,163,6/13/2025,CALL,IGNORED
323,588,4/22/2025,NOTICE,IGNORED
324,361,6/5/2025,NOTICE,SENT
325,73,11/15/2025,NOTICE,SENT
326,139,7/26/2025,EMAIL,RESPONDED
327,418,3/20/2025,EMAIL,SENT
328,67,4/26/2025,NOTICE,SENT
329,4,4/28/2025,EMAIL,RESPONDED
330,783,1/9/2026,CALL,IGNORED
331,497,4/30/2025,CALL,SENT
332,92,5/12/2025,NOTICE,SENT
333,19,1/23/2026,CALL,IGNORED
334,412,6/14/2025,CALL,RESPONDED
335,585,7/9/2025,NOTICE,IGNORED
336,416,6/15/2025,NOTICE,IGNORED
337,440,10/5/2025,NOTICE,SENT
338,742,4/18/2025,CALL,SENT
339,680,1/7/2026,NOTICE,RESPONDED
340,503,8/28/2025,EMAIL,SENT
341,158,3/9/2025,NOTICE,SENT
342,263,7/29/2025,NOTICE,SENT
343,72,12/9/2025,CALL,RESPONDED
344,348,10/13/2025,EMAIL,IGNORED
345,88,12/7/2025,NOTICE,SENT
346,199,11/27/2025,NOTICE,RESPONDED
347,375,2/14/2025,NOTICE,SENT
348,83,5/22/2025,EMAIL,IGNORED
349,112,6/19/2025,EMAIL,IGNORED
350,94,1/8/2026,CALL,RESPONDED
351,300,5/16/2025,EMAIL,SENT
352,317,10/8/2025,CALL,RESPONDED
353,85,3/3/2025,EMAIL,RESPONDED
354,340,9/9/2025,CALL,IGNORED
355,633,1/27/2026,EMAIL,IGNORED
356,242,9/24/2025,NOTICE,IGNORED
357,432,1/31/2026,CALL,SENT
358,113,12/7/2025,CALL,SENT
359,257,10/16/2025,CALL,SENT
360,351,4/21/2025,EMAIL,SENT
361,332,12/22/2025,EMAIL,RESPONDED
362,450,1/20/2026,CALL,SENT
363,452,2/23/2025,NOTICE,SENT
364,568,12/31/2025,NOTICE,RESPONDED
365,88,9/25/2025,NOTICE,IGNORED
366,15,9/5/2025,EMAIL,IGNORED
367,655,4/16/2025,CALL,SENT
368,386,1/4/2026,EMAIL,IGNORED
369,236,1/23/2026,CALL,SENT
370,161,5/28/2025,EMAIL,RESPONDED
371,657,8/8/2025,EMAIL,IGNORED
372,35,8/28/2025,NOTICE,SENT
373,342,6/19/2025,CALL,IGNORED
374,186,10/20/2025,NOTICE,SENT
375,452,12/30/2025,EMAIL,IGNORED
376,267,8/15/2025,CALL,IGNORED
377,472,3/7/2025,CALL,SENT
378,56,12/12/2025,CALL,RESPONDED
379,683,7/18/2025,CALL,SENT
380,425,12/28/2025,NOTICE,IGNORED
381,346,4/25/2025,CALL,SENT
382,40,6/20/2025,EMAIL,IGNORED
383,697,4/20/2025,NOTICE,RESPONDED
384,243,4/21/2025,EMAIL,RESPONDED
385,207,4/4/2025,CALL,SENT
386,769,9/23/2025,EMAIL,RESPONDED
387,387,10/8/2025,EMAIL,SENT
388,23,8/24/2025,CALL,RESPONDED
389,490,4/18/2025,CALL,SENT
390,384,12/24/2025,CALL,RESPONDED
391,108,6/22/2025,EMAIL,IGNORED
392,512,1/28/2026,NOTICE,SENT
393,366,7/14/2025,NOTICE,SENT
394,319,6/7/2025,EMAIL,IGNORED
395,55,2/14/2025,CALL,RESPONDED
396,163,9/10/2025,EMAIL,IGNORED
397,736,10/9/2025,EMAIL,RESPONDED
398,201,12/21/2025,CALL,RESPONDED
399,230,9/22/2025,CALL,IGNORED
400,98,2/19/2025,CALL,RESPONDED
