payment_id,customer_id,payment_date,payment_amount,payment_method,payment_status,reference_no
1,17,11/22/2025,8101,NEFT,FAILED,327d596c-d81c-44e2-a0f4-692330369302
2,94,5/2/2025,27489,CHEQUE,REVERSED,a701532c-130a-4f86-b242-9a5929780ed7
3,55,1/12/2026,99457,CARD,REVERSED,f9c27e63-2e04-4dbc-87f6-eae83f751e1d
4,71,3/22/2025,109651,NEFT,REVERSED,27f2b9b8-97ac-41ae-b383-49ce8729e09c
5,190,11/30/2025,54933,CHEQUE,REVERSED,b9970f12-0f6f-46ef-8fce-aef3aa35e5d1
6,193,2/4/2026,61352,NEFT,REVERSED,116ffdac-82d5-43ac-8dc0-b4b231032367
7,17,8/30/2025,14885,CARD,REVERSED,e4d73403-6a75-4792-8623-d926ef8ac533
8,45,11/21/2025,114455,CARD,REVERSED,6157fd56-c778-4330-a58c-39fed4191e5c
9,33,7/30/2025,1143,CARD,FAILED,7534c403-0fff-40f0-baab-b2270a6a0c7e
10,154,3/18/2025,45352,NEFT,FAILED,4e1228ec-3f11-4300-90cd-8889edbf2eff
11,162,2/4/2026,36693,CHEQUE,FAILED,c831727e-b362-4afa-a696-b8d709e59da4
12,69,7/1/2025,36143,CARD,REVERSED,becacd6f-9589-4407-8c13-85c5e5c59331
13,171,6/22/2025,76790,NEFT,REVERSED,964b6d02-ee90-448c-83fc-39cca57f6c39
14,40,8/21/2025,100393,CHEQUE,FAILED,95933477-024d-43ed-99a5-498d5295d732
15,41,10/4/2025,70525,CARD,REVERSED,c7f43cf0-f218-41e4-9772-2827fb606315
16,19,6/23/2025,47826,NEFT,SUCCESS,2e113896-111c-4af9-9cc7-affdce11ea36
17,156,11/26/2025,15170,NEFT,SUCCESS,753034f7-5d7c-45d5-b94e-fec407cd8d3f
18,184,4/15/2025,8185,CHEQUE,SUCCESS,76730594-abd5-41f2-8bfa-87165374a537
19,98,12/27/2025,110283,CARD,FAILED,d8f47a53-a345-4479-ab75-efe8e398a369
20,152,6/29/2025,88957,CARD,SUCCESS,63310c82-ca54-4adc-bafd-57b942cc7e0c
21,118,11/22/2025,73494,CHEQUE,REVERSED,4c040d76-beea-4764-9765-abf9e206c8c8
22,40,11/9/2025,51532,UPI,FAILED,c0c28835-632c-46db-94d9-4e32fc1b2830
23,157,10/22/2025,113133,NEFT,SUCCESS,bf32583e-767f-435d-a174-dfd8fb701bab
24,77,6/30/2025,7491,UPI,REVERSED,5d0eb11c-e438-46f0-bbb0-346e0785ecda
25,18,7/5/2025,68750,NEFT,FAILED,3bec81be-5569-4416-8803-0d0688cc2e69
26,56,4/13/2025,17163,CARD,FAILED,2aecd2d0-e26e-48e9-8ceb-908a4c66391a
27,150,8/20/2025,76173,UPI,FAILED,db4e4e4b-dd8b-4cba-981a-b2094d6e5821
28,181,4/13/2025,91197,CARD,FAILED,e7e51eba-dfa9-4568-90e9-cdc3ff9e528e
29,165,5/1/2025,92145,NEFT,SUCCESS,05d60d4a-2971-47a0-b7a0-2bcd84a6db51
30,107,2/7/2025,17569,UPI,REVERSED,6eb5c63e-ba49-4826-a10f-c072a002fc2b
31,22,3/27/2025,60574,CHEQUE,SUCCESS,ce6786c7-a9e6-4f39-b67a-716e84014461
32,110,6/29/2025,1057,UPI,FAILED,ab9e6567-8a94-40b8-bb9a-0a0e60eee1a8
33,100,10/19/2025,118913,CARD,SUCCESS,01d78550-7b07-4adb-ab07-1f8133eacdba
34,29,2/10/2025,94971,CARD,SUCCESS,8dd5cb42-0c57-47f4-95aa-73343ccd2522
35,41,11/11/2025,35999,CHEQUE,FAILED,d4ba78a9-2cd4-419f-a421-59f26ac5ae68
36,81,5/3/2025,2115,NEFT,FAILED,0a85c2c5-7899-48c9-8c95-ec6f58a6b2ea
37,20,11/24/2025,83234,UPI,SUCCESS,3ac760e8-78ae-4d4e-80dd-aed50308a691
38,79,7/8/2025,58128,NEFT,FAILED,79d827b6-6580-4455-859d-2486bb8ace5b
39,184,10/21/2025,60978,UPI,SUCCESS,60c71b30-b51c-4c57-b68c-be8969a08b7d
40,181,6/23/2025,110523,CARD,REVERSED,59e6db50-fa63-4cd5-82b5-ee81ed9efe3b
41,62,6/19/2025,79895,NEFT,REVERSED,923a9e28-bbc6-4a48-a8d9-ca58d01903fb
42,179,8/29/2025,82048,NEFT,REVERSED,746d5303-99c4-4a9d-9a43-ae445ea71b08
43,189,3/10/2025,39445,CARD,REVERSED,03966765-b92a-48cf-8ab5-9e2afd1af9e1
44,20,5/7/2025,118719,CARD,FAILED,8657fc33-23a8-4071-9dd7-f1e4aee5e995
45,199,12/30/2025,75320,UPI,REVERSED,49fb3c90-859d-4f46-9385-d0f9eeb0f8d8
46,99,11/27/2025,66523,NEFT,REVERSED,81e95f3a-705c-4542-ae33-e7f2cb4a1102
47,174,8/10/2025,34979,CARD,REVERSED,3d81ae73-35cb-4ebf-a517-f3bf86c2e00d
48,8,2/3/2026,92314,NEFT,FAILED,2beeb7a8-5e50-4189-a658-1f6dc800074b
49,87,7/19/2025,30606,UPI,REVERSED,e130f4da-e818-4bc5-9618-fc8db4e59ea8
50,188,2/4/2026,60154,CHEQUE,SUCCESS,9dd9abf2-bf30-4463-a5e7-586a51b1a32f
51,94,3/17/2025,33669,CARD,REVERSED,32fb8836-f63e-4bdd-9524-0fecfc1efa6f
52,19,3/18/2025,88814,CARD,REVERSED,5511a2cc-2dea-4918-a750-39fd035f4e58
53,57,4/30/2025,100819,CARD,SUCCESS,94c10b0a-b815-4af4-bffe-5fc792d19d5d
54,74,5/27/2025,20109,CARD,FAILED,d826a667-ab50-4bbb-8d9d-1d88bde4ed99
55,9,5/30/2025,29565,CHEQUE,FAILED,a8978535-b5bf-4a9a-94bc-dfb658c3a15d
56,62,5/1/2025,74729,NEFT,SUCCESS,7cca9bcb-6dc4-46f7-9801-2afe2b185015
57,77,11/1/2025,14472,CARD,FAILED,2c3a1efb-6050-4e20-bcf0-a8f3381e80c5
58,191,10/4/2025,57009,NEFT,REVERSED,719d872e-bae5-4dca-9619-5800519b6d7d
59,52,8/2/2025,50690,UPI,REVERSED,a200164f-7b14-4ae2-aafa-1e19e111f850
60,28,11/26/2025,89407,CARD,FAILED,5db36fdf-615f-4f67-b6e5-0b542585d4db
61,42,1/8/2026,72682,CARD,FAILED,add4563a-5e38-4688-9684-3f3ecd849534
62,96,12/25/2025,105475,CARD,SUCCESS,723869ec-2a4f-4efd-b9f6-c6ceae830efe
63,78,2/20/2025,56302,UPI,REVERSED,575e4fdb-60b1-4c92-b6cf-9d59b60e9f21
64,79,8/31/2025,97741,CARD,FAILED,e2a5a03a-a8f3-4a4e-b866-c8fe43120d1f
65,196,10/30/2025,103139,CHEQUE,SUCCESS,d4de77e9-cc8c-4f40-93ed-fd0516f04653
66,155,6/13/2025,45840,UPI,FAILED,90d9aefc-12d8-4de0-9b54-9accc9bc1f90
67,189,5/27/2025,23028,NEFT,REVERSED,15a97aff-84ae-4b93-a730-68cb659b42fb
68,80,2/3/2026,10086,UPI,FAILED,9230b527-2949-4633-a012-fc2b1e5d3d91
69,73,6/24/2025,96836,NEFT,FAILED,d0b82c45-cb5f-4d3f-bcf4-a2fec1dca1d5
70,180,2/7/2025,84882,CHEQUE,REVERSED,3d4f590a-9040-43ef-87c1-66b2c85ff220
71,10,6/3/2025,3861,CARD,FAILED,344f40e8-d661-46af-a8ca-054dbebb4e65
72,69,4/2/2025,80178,UPI,SUCCESS,3af29498-3bba-48d9-8a68-2c0836711276
73,154,7/9/2025,28410,CARD,SUCCESS,357a018c-fd6f-4873-9225-900666e68d23
74,77,3/16/2025,40263,CARD,SUCCESS,78548056-30ef-4112-8b74-b689b9a324ec
75,130,3/24/2025,33465,UPI,REVERSED,db57a2da-a1ec-4077-8cb9-61f8e51c10bd
76,190,8/20/2025,100851,CARD,SUCCESS,0d42b90b-07c2-4c83-822e-41601aa67537
77,63,6/3/2025,47186,UPI,FAILED,4760bb3d-256a-4dde-9446-3d0b7558c2b5
78,64,12/27/2025,65636,CHEQUE,REVERSED,3cc749ac-0cea-421a-ad82-aece49f5aaf3
79,111,2/26/2025,64349,UPI,FAILED,22aa825a-0dff-4a47-b8f1-d6e0b7a37407
80,130,2/24/2025,35355,NEFT,REVERSED,0444257f-365f-4197-b730-8db6d9a47056
81,9,11/5/2025,77779,NEFT,REVERSED,458cdf4b-83f2-4b4f-9b76-5462b47c78a7
82,195,9/6/2025,11808,CHEQUE,REVERSED,d3c3c4ad-141e-4a2b-8a7f-be62f5366c4b
83,78,11/4/2025,117710,UPI,REVERSED,e147a4e1-ded0-4876-9fdd-140dac4484fa
84,196,5/28/2025,34649,CARD,SUCCESS,a88b4e5a-6a24-4d29-b718-f100f8a777e0
85,30,11/1/2025,33946,UPI,FAILED,8017e3ff-21c5-42a4-8709-a703cf129e5f
86,1,5/25/2025,56111,CHEQUE,FAILED,c00ed1c8-d91e-4711-8f99-0d01c022a768
87,110,12/26/2025,37643,UPI,SUCCESS,9c611496-1701-46bd-9122-5b49790dd1ec
88,192,12/18/2025,104901,UPI,REVERSED,734c60de-8c8c-4609-8e2b-dcf1741cb416
89,187,12/10/2025,75993,CHEQUE,FAILED,c55737d8-3a0f-4994-aae1-db754e0f930f
90,153,12/29/2025,69374,CARD,FAILED,e3e588ad-b05d-4f03-8a88-47bda9f548a2
91,118,9/30/2025,38543,CARD,REVERSED,8986f32d-1bdd-46b4-9812-efc34adfa98f
92,82,10/14/2025,32078,NEFT,SUCCESS,0ad2dcb5-76a6-4500-93e2-9e5ed958210a
93,67,5/17/2025,108791,NEFT,FAILED,29df24aa-c44d-475a-985b-9869dc4c2eb2
94,97,3/5/2025,58563,NEFT,FAILED,a7d069c9-a020-4069-9c49-5af43f2bdfeb
95,51,12/17/2025,66381,NEFT,FAILED,28dd679f-77da-46fd-ab0d-e5bc7e3e614f
96,146,1/24/2026,12839,NEFT,SUCCESS,8bb927a9-bb94-49c1-93ed-a7df9d2fd2c0
97,148,4/5/2025,33282,CHEQUE,REVERSED,da06abd3-4e50-4cba-bada-7c4fc8feebcf
98,118,10/20/2025,78154,CARD,REVERSED,4897b58b-3d69-4c57-b95b-ad730ad140f6
99,8,5/31/2025,39338,NEFT,FAILED,40fabeb2-f551-437a-a607-797a326c9c09
100,65,1/21/2026,84183,UPI,SUCCESS,94407413-7904-4314-9239-915c007ec0a5
101,30,5/11/2025,114891,CARD,SUCCESS,bcf0e9a2-7770-4681-8d65-1dad7134be2e
102,159,2/16/2025,34628,CARD,SUCCESS,628f8beb-0323-4910-b1f6-9ec8ee0c3613
103,152,6/4/2025,2434,CARD,SUCCESS,dcd9729e-42ca-4efe-b857-a84de394b79c
104,183,2/10/2025,99027,CHEQUE,SUCCESS,ffcc4b60-6137-4b7d-a649-bc640785e4eb
105,46,12/14/2025,8386,CARD,REVERSED,b38bde3c-8bd5-492f-8e85-c21145dbf053
106,140,12/28/2025,62791,CARD,REVERSED,0b1b7a2a-ebd6-4cc2-8f56-ca715accbc22
107,89,6/6/2025,58285,UPI,SUCCESS,727f2455-80dd-486a-a78c-6ccfa426617f
108,42,9/23/2025,106372,NEFT,SUCCESS,7279c407-bc84-4034-9e93-47e6da9ae264
109,195,12/24/2025,77427,NEFT,REVERSED,5bc7c0b2-f5e3-4122-af07-eb66ecf21db8
110,200,11/4/2025,66049,UPI,REVERSED,55d4fa3b-7ec7-412c-920f-72d299fc5679
111,118,6/7/2025,37934,CARD,REVERSED,440f2321-52f9-4a3a-8a1f-bd121d376102
112,194,11/13/2025,27433,NEFT,FAILED,bf7ecf96-da71-4e01-9ce3-03213b9e3aee
113,192,10/15/2025,89150,NEFT,REVERSED,fcb00c2d-ca38-40ae-bc10-18cf1a18be34
114,41,11/11/2025,84468,UPI,FAILED,646e27e1-738f-457e-931b-e88b1ff8e8fc
115,178,3/16/2025,50780,CHEQUE,SUCCESS,d9719a0c-2d26-4228-ae82-c9d375f272d4
116,12,11/18/2025,7425,UPI,REVERSED,5a46f03d-2e60-4999-8d7a-56dc1428ec4d
117,136,3/22/2025,33912,CHEQUE,REVERSED,969baae4-89e7-4154-a69e-cc53f493aeca
118,75,1/9/2026,33970,CARD,REVERSED,94440f4c-89a0-4c1b-a407-42a048543e97
119,160,12/16/2025,75727,CHEQUE,REVERSED,a10494ca-28e8-4422-a918-c656ae545b97
120,23,10/12/2025,24136,NEFT,SUCCESS,9baee4fc-0275-4eb6-b919-56a0e2c8df9c
121,68,7/1/2025,42465,UPI,REVERSED,482ed804-2965-4ae4-b8a3-5376ecc06414
122,177,3/14/2025,60716,CARD,FAILED,35d67a05-7411-45d4-8761-3a81ff49b15b
123,188,6/11/2025,73099,CARD,REVERSED,abafbf53-d401-4f95-aa48-5323b3353cc3
124,171,3/26/2025,59877,NEFT,REVERSED,f4e49fa5-ccf9-4666-8e5f-8a33d82e462b
125,1,2/4/2026,85870,UPI,SUCCESS,469e2213-1a2c-4252-b870-82c54f4d700a
126,98,10/19/2025,4399,UPI,SUCCESS,2c38099e-32bf-494b-b915-5fe36d6996f1
127,70,2/1/2026,40810,UPI,SUCCESS,b9def044-21b4-4697-af08-f2715d4a0993
128,37,8/3/2025,9027,CHEQUE,FAILED,9d6efc1c-c6d0-4346-8300-5db800dbba9f
129,95,9/9/2025,15773,NEFT,FAILED,b20876e4-200d-43ee-b4a5-339520ea71ea
130,71,7/5/2025,109265,CHEQUE,REVERSED,fd54ab9b-af50-4c6f-9292-238542412ac6
131,119,9/1/2025,80567,CHEQUE,SUCCESS,349d9853-38bf-4f25-ab1e-aa8cb07785c7
132,140,6/2/2025,37709,CARD,FAILED,ee2ed695-a95b-45ef-b8cd-89c33a786f8b
133,59,11/17/2025,70130,CARD,FAILED,8751fae0-98f1-4a05-90bc-5889f3e877de
134,88,4/10/2025,73195,NEFT,REVERSED,db869a68-1cd4-4750-9335-3c7a01e6053c
135,167,2/11/2025,58824,CARD,REVERSED,dfbc89d3-92cc-423e-8eba-0b84fdb43469
136,143,5/13/2025,44055,UPI,SUCCESS,c1d544b6-bb5a-4c89-bd92-f67e222b50e1
137,156,3/4/2025,95141,CARD,FAILED,8ba54884-f0bd-4170-b8f2-a3d373545b18
138,53,9/1/2025,79748,UPI,REVERSED,909c7769-f16c-4a45-98bd-a3e56e205b47
139,118,8/11/2025,34332,CHEQUE,FAILED,4c43e11f-8566-43e2-8a9d-2795f8fa9ee4
140,6,3/24/2025,87516,CHEQUE,SUCCESS,58334523-87e4-46ae-8774-7eeabdf4192d
141,135,3/14/2025,39158,NEFT,FAILED,018291b0-e70c-4f1c-895c-f36f32f4c051
142,145,5/25/2025,35900,CHEQUE,SUCCESS,a671242d-ddf0-4b7a-9743-0e97e760a47d
143,70,3/29/2025,63721,UPI,FAILED,83ace97d-fda7-4926-9a8c-b081dadf47f1
144,80,1/11/2026,44049,UPI,SUCCESS,cb5cc377-41a7-4398-b00a-8267a1e68451
145,154,8/25/2025,62258,NEFT,FAILED,1c9d7db6-7e5d-483a-8ebb-b59f87ae818a
146,140,9/13/2025,17923,CARD,SUCCESS,e38560af-1e57-46ec-92c6-ccb01e7f45a1
147,6,11/11/2025,3800,NEFT,SUCCESS,87ea533a-9f29-41f6-936e-a1ba8f188cc8
148,131,1/5/2026,45504,NEFT,FAILED,cc24aacf-959f-44cc-8b49-8dcc59959c5a
149,52,8/7/2025,1292,NEFT,FAILED,ae20e90b-e114-4633-8ef0-7ab1fe9b095a
150,30,7/20/2025,97317,CHEQUE,FAILED,26a00e65-9c74-460d-9e68-589effebea12
151,29,3/3/2025,105137,CARD,SUCCESS,1db04078-96c5-4807-b4f0-36b524bd818d
152,15,1/1/2026,98118,CARD,REVERSED,0096d91d-0fc2-47a8-8096-3a410996e556
153,142,8/17/2025,58939,NEFT,REVERSED,3778f69b-ec34-4f18-8cc4-f09f3bde8a7c
154,152,3/22/2025,75754,UPI,FAILED,c09e783e-28b8-4c9f-bbd2-eb049a554464
155,182,7/17/2025,57144,NEFT,FAILED,bb26cbae-18d5-4459-9233-12f2880cfa48
156,144,12/16/2025,83679,CARD,FAILED,8bed789b-5240-4f29-bb7c-144fead076df
157,149,10/10/2025,18182,UPI,REVERSED,303401bc-d048-4933-912a-787b8c0197dd
158,170,5/5/2025,41215,UPI,SUCCESS,8bf5b38e-abf4-4a6f-8624-962ef56ef1e5
159,93,10/2/2025,31105,CHEQUE,SUCCESS,d42aa205-d5bc-4858-aa48-3317b2358599
160,52,9/29/2025,100942,CHEQUE,FAILED,6336bbb7-b24f-41c6-bacb-1dfb275c0861
161,114,8/12/2025,1909,NEFT,REVERSED,98a191c0-e2a4-4a4a-802b-f2f9ae375780
162,58,8/17/2025,90622,CARD,REVERSED,cec305d6-5ee2-490d-9bca-d278f70ff2f7
163,130,7/9/2025,54697,UPI,SUCCESS,95dd682a-d6a5-4b7f-8b89-b3dac738d168
164,107,4/9/2025,58883,CHEQUE,SUCCESS,4d1160ed-aeca-4643-92fc-1a3b92141cc0
165,38,1/29/2026,72630,UPI,SUCCESS,af7087bb-bc94-4621-92ec-600cae14b57e
166,112,9/2/2025,5241,NEFT,REVERSED,d096b419-90d6-4338-bd63-3a29c19b511b
167,69,6/23/2025,34002,NEFT,FAILED,23727b4e-c301-4898-9095-be7dbe240019
168,81,8/21/2025,65888,UPI,SUCCESS,d4ac7002-affb-4748-95c9-ca5f4a133c24
169,62,10/6/2025,60666,CARD,SUCCESS,ab6c75d2-4672-4660-b659-eaec6101d7d0
170,142,9/24/2025,69413,NEFT,SUCCESS,a536c344-60ac-49a4-aabe-525d34ecc2e0
171,49,5/12/2025,48863,CARD,SUCCESS,3cc21b31-e694-4ee1-bba5-bd2631a24333
172,134,10/29/2025,42867,CARD,REVERSED,160b178c-1b99-4274-9866-5697ff2b72da
173,161,11/4/2025,40880,CARD,FAILED,90617900-af99-4035-ba23-b3fc443a4172
174,176,10/6/2025,40427,CHEQUE,REVERSED,7f4a3c14-6f58-4ade-8672-d1889213e21f
175,45,7/17/2025,106441,CHEQUE,REVERSED,1b576d2d-ba7c-4354-8e13-bbbcc85c425a
176,186,5/11/2025,43583,CARD,REVERSED,d6532c7f-f775-4b88-b89f-264bca8c658a
177,157,11/7/2025,31796,NEFT,SUCCESS,774f25d5-ccd4-474e-934a-f67ab2554c2f
178,9,6/2/2025,118939,UPI,REVERSED,b98eff47-18a3-4f27-8b0c-3727e2188ad2
179,96,9/12/2025,103732,CHEQUE,FAILED,b2577d3e-72e5-4b65-9ec8-b05ce7fb2fe4
180,83,11/11/2025,97208,CARD,REVERSED,eaefe28a-163d-4116-ac78-ff976153308a
181,47,11/17/2025,11898,CHEQUE,SUCCESS,6105e9b3-5fae-44a4-bdc1-acdda11c6e12
182,129,7/8/2025,22857,UPI,SUCCESS,0f3719c5-01e3-4801-9a68-1716980983ea
183,151,7/15/2025,30117,CARD,SUCCESS,c33e6e4a-e30d-4ca4-b870-da842045484a
184,59,3/5/2025,80442,UPI,REVERSED,c36c8bb8-2c07-4cb1-a2fa-b1ea2e07fee1
185,42,12/17/2025,34069,CARD,REVERSED,b31eb880-f89e-443e-8e2d-01c58b444781
186,78,12/7/2025,43358,UPI,FAILED,b551939d-0e31-43ab-b41f-675c8d51ebfa
187,159,9/28/2025,50854,UPI,REVERSED,d854ad9b-cbab-4c77-8cba-39ba6db80849
188,185,11/13/2025,55199,UPI,SUCCESS,9f24e753-89d9-40cf-b054-67b35beede93
189,102,1/23/2026,100948,NEFT,SUCCESS,8667e0fd-acba-4e6f-a49f-dcece314c180
190,157,4/29/2025,78217,CARD,FAILED,791118d8-3db5-4383-af97-400703ddeb22
191,181,9/21/2025,40383,CARD,FAILED,e3ca64fe-154a-45c8-b61a-d08f4d22fd00
192,6,3/19/2025,32757,CARD,SUCCESS,1a55bc7d-1964-430e-ac65-fb4d154b8052
193,155,8/19/2025,51442,NEFT,REVERSED,b420df67-4ec4-4388-b52d-9cce1dd788c1
194,136,9/29/2025,61953,CHEQUE,SUCCESS,2659efa2-65dc-4a67-a633-38dea782422b
195,37,8/17/2025,13138,CHEQUE,SUCCESS,da938049-f2c9-4263-a3a4-2dcff9368fc0
196,145,10/8/2025,87499,NEFT,REVERSED,2396b36f-d4f2-460c-895d-843f11ab945f
197,194,2/8/2025,98031,NEFT,SUCCESS,9429af04-ba0c-4029-aa69-1c9747e606a5
198,8,5/7/2025,5435,CARD,FAILED,4b98eaee-4c2b-480c-994b-a6e884aca864
199,86,3/20/2025,80297,CHEQUE,REVERSED,3c0f0974-caa7-48fb-a5db-3084aa3cb45a
200,7,5/9/2025,33670,UPI,FAILED,381d5652-148c-4e51-bcff-7a3545e8c94a
201,65,9/14/2025,69335,UPI,FAILED,7b06acbb-c2c2-44f9-9aee-6ff44808e3d5
202,185,8/2/2025,16692,UPI,REVERSED,66597057-a713-43f9-8491-360d925c0d5a
203,67,10/9/2025,26322,NEFT,SUCCESS,432e50e9-d3b3-4a17-964f-fa5260e22f7b
204,153,10/30/2025,51454,UPI,FAILED,e4988897-b884-4eb8-8806-3306a7c34066
205,87,5/13/2025,74762,CHEQUE,REVERSED,f408c04b-7c65-42ad-838b-28d1d4c3d19d
206,192,10/28/2025,4117,NEFT,SUCCESS,c684aa68-a617-4f97-876f-eb3534096470
207,41,5/3/2025,26543,UPI,SUCCESS,79a93411-7aff-4380-8f19-679bc8efbbc7
208,151,10/3/2025,51487,UPI,REVERSED,18f50fe0-a6a1-4907-87a6-4069a648a63c
209,20,10/4/2025,32392,UPI,FAILED,760ad556-ec6e-48f1-b861-857b27498c0d
210,88,5/27/2025,98349,CARD,FAILED,74f9a2bd-e0fb-4579-80d8-5c55d263410b
211,176,2/17/2025,25599,CARD,FAILED,8d9789ea-6745-4fe8-8d10-d93de19aa743
212,187,11/10/2025,62883,CHEQUE,FAILED,f4521aa2-5bb6-4624-aa1f-94c4b901bb2b
213,65,5/27/2025,20536,CHEQUE,SUCCESS,43d2e85c-5222-465b-8ee5-0c5502c40b26
214,137,2/3/2026,102672,UPI,REVERSED,657fdbd9-1f06-4775-87a1-440d19a9813c
215,21,6/10/2025,84424,CARD,REVERSED,d6597d71-4f28-4d62-b5c2-88bb98c43f61
216,191,12/16/2025,44040,NEFT,FAILED,01ef9f10-de8d-413c-9e28-d9f6a8afe1f0
217,31,1/17/2026,45603,NEFT,FAILED,13e39743-293e-4cd2-8a27-d46457488190
218,53,12/29/2025,112845,CARD,FAILED,2b4053a3-2ead-40e9-affb-ea94d251a10d
219,52,1/17/2026,8947,NEFT,SUCCESS,29ecc40e-b2c3-4739-91ce-fd25726fea0e
220,101,3/23/2025,83050,UPI,SUCCESS,e04dc011-ffc6-4429-9c98-efb9edb0aacd
221,189,4/5/2025,39694,CARD,SUCCESS,3c220506-5ae1-4744-89e2-c601c02ebdfd
222,57,8/5/2025,111319,CHEQUE,REVERSED,eb547644-9d77-498f-97b6-2915e40caab6
223,113,10/17/2025,30444,CHEQUE,SUCCESS,44300ded-1bc6-41e1-b64a-7ed91d8a966a
224,60,9/1/2025,9231,NEFT,REVERSED,2efe31ff-ab9d-4f50-affb-d6357eb5dfea
225,108,9/8/2025,3656,CARD,REVERSED,433585ec-c338-4bba-9ce7-8f5e61d2b5a8
226,115,11/24/2025,56482,CARD,REVERSED,56419204-0c26-4bde-be30-cd62a1c3def7
227,80,12/17/2025,56854,CHEQUE,REVERSED,c5028ff5-45ad-488d-9218-c5c114c369d4
228,59,1/22/2026,112606,NEFT,REVERSED,649dd560-d851-47b4-b790-009dfc8f9e35
229,35,8/9/2025,102609,CHEQUE,SUCCESS,1a5f9a16-c87b-45ed-a1b3-eaf598a58336
230,88,6/14/2025,12096,NEFT,FAILED,7dd713bf-e1f6-448f-bd44-8ec82be47fdc
231,137,9/7/2025,73956,NEFT,SUCCESS,e555bdca-bdee-4b49-8887-5a23f0ade3eb
232,36,8/10/2025,117488,CHEQUE,REVERSED,69c95096-cd30-4aaa-b3b0-84c84831f430
233,155,9/16/2025,28920,NEFT,SUCCESS,68385f5d-6518-4963-8210-474a6cbd00bb
234,24,5/14/2025,68766,CARD,REVERSED,44c24533-5601-42de-a6e9-7f07a0e72def
235,170,11/8/2025,69447,NEFT,REVERSED,895d0bff-e5cd-4215-ae16-74df68785878
236,125,5/28/2025,58214,CHEQUE,REVERSED,e4c490f1-7f29-40cf-b568-4ea94103787d
237,24,3/8/2025,57554,CHEQUE,SUCCESS,dfa99415-070c-4287-814d-b5df371ae5b2
238,168,4/3/2025,71441,CARD,SUCCESS,96449b3a-f736-4e5c-94f1-67f8ca071587
239,63,8/24/2025,110284,UPI,FAILED,ce771532-31d1-4feb-a023-d6a7df706208
240,120,7/22/2025,82769,CARD,FAILED,cdca70eb-cba8-4661-959e-f220ae9d57fb
241,91,11/24/2025,40572,UPI,FAILED,8a78c8a3-5265-48f3-8542-df269f182cc7
242,161,3/7/2025,75233,NEFT,SUCCESS,e66de8a5-2e2e-49f8-8393-ca913f9e8593
243,112,10/6/2025,2067,CARD,REVERSED,bf34bfbc-b9b9-4ba2-be63-faccb0c97236
244,56,11/19/2025,54397,CHEQUE,SUCCESS,e41bc332-4ce4-4b2e-991d-af824806d926
245,83,2/19/2025,20096,NEFT,REVERSED,7191e27c-8889-4777-9ea6-9a9ab9570f79
246,77,7/22/2025,119759,CARD,FAILED,db54cd36-a378-4a12-a6a3-fd989145c030
247,148,9/28/2025,80811,NEFT,SUCCESS,7798f812-7123-4e77-acd3-dd29cfdb1eb3
248,33,12/28/2025,72136,UPI,SUCCESS,27bd5f9d-9580-44f1-a910-12d9b6ca00ba
249,40,11/1/2025,60553,CHEQUE,SUCCESS,8fcecd44-f505-44bf-8460-e0637971ebc0
250,18,10/28/2025,90313,CARD,REVERSED,ad56c1e4-f8c2-4008-a1b5-eb106b30820e
251,55,5/21/2025,57833,UPI,SUCCESS,7ef1f44f-b93f-42ee-a0d6-30b8fd13e996
252,171,1/10/2026,57152,CARD,REVERSED,369d22e5-8a38-4f5f-8f44-6c9cc4f46256
253,59,1/16/2026,13343,CARD,REVERSED,7f739e85-6e48-4868-9105-d278daec3c8c
254,117,1/13/2026,10312,NEFT,REVERSED,ac9fd003-d594-4a76-89cb-f6f8f0b40fe5
255,196,6/29/2025,65876,UPI,SUCCESS,f0479b3d-8087-4638-8407-7f33f38fd035
256,135,5/14/2025,25606,NEFT,FAILED,b37418ae-067f-4779-a286-cb006ad83819
257,155,6/25/2025,6579,UPI,FAILED,e318f835-f5b6-451c-bbff-7f3e89de6b53
258,37,2/1/2026,59020,NEFT,REVERSED,ae0c72c7-9f30-4fb5-81ad-6c774adc07c2
259,116,4/26/2025,68401,NEFT,REVERSED,ee3caaf5-90ee-4f34-a73e-108aab803215
260,15,2/23/2025,70224,UPI,REVERSED,786170ab-241b-46d3-939d-2ed90fd9e5f0
261,13,11/30/2025,112461,NEFT,REVERSED,c226fec4-2afc-4ee0-91a9-48b9b4aa2b0b
262,38,5/5/2025,79369,CHEQUE,SUCCESS,48476be8-6ba1-4f5b-981e-66af3c770f58
263,59,6/20/2025,48264,UPI,FAILED,2875a7a1-00bd-4e23-b923-66e53b4ff509
264,100,6/20/2025,19431,CARD,SUCCESS,f8aaeda6-e9c6-48dc-990e-868f382b1f99
265,45,5/7/2025,73503,CHEQUE,REVERSED,cc6e0c19-d5db-40cf-a74b-3368afeb78a5
266,106,3/21/2025,12673,CHEQUE,FAILED,c64c9af5-5bf0-465a-9c43-cde60ead6dd6
267,4,4/14/2025,29009,CARD,REVERSED,9ea9a8e4-ffbf-494e-b7c7-2afbe71bde7b
268,131,8/24/2025,110444,UPI,SUCCESS,0d744d4a-e36c-4593-a369-50c34f2a0f8e
269,112,5/3/2025,23966,CARD,SUCCESS,3288ee34-f620-4046-8f36-8c3101111565
270,124,1/4/2026,101117,NEFT,SUCCESS,38c7aa93-628a-415f-8ebc-816c132405aa
271,2,7/27/2025,2162,CARD,SUCCESS,c58b5938-51fa-413b-aa0d-1c5fbd308933
272,162,12/5/2025,38130,UPI,REVERSED,d9e78f6f-50ea-4e4c-a69a-2f34ff930ca1
273,143,3/19/2025,48658,NEFT,REVERSED,45975b99-ce93-49b6-8d04-3e56aa995c01
274,112,4/16/2025,109019,CHEQUE,FAILED,1c21050a-4bfd-4151-9e9b-bdb2cfd55ba2
275,155,11/28/2025,41158,UPI,REVERSED,3f9fd33c-42f2-413c-b054-8abe466163d0
276,25,12/13/2025,39887,CARD,FAILED,b4b3be6c-b1d1-49b5-b865-58c33aba2308
277,172,5/4/2025,56776,UPI,FAILED,45e5ee67-b17e-4272-976e-92169d4e3bc9
278,81,9/15/2025,27890,NEFT,SUCCESS,ea1bbd70-7842-483a-b76a-5e768f49b6b9
279,164,2/5/2026,78747,UPI,FAILED,972bbb3e-aa9c-46cd-989c-4cbcc943f71d
280,57,11/23/2025,68904,UPI,SUCCESS,9afdbe67-3241-4607-8bb7-9e8b307ea627
281,30,4/6/2025,1997,CARD,REVERSED,3de08155-4f0a-40cf-bfd8-9284bb5dbe2e
282,188,2/24/2025,107973,NEFT,REVERSED,6944569b-e59b-49ee-8d02-edf30c08d035
283,50,5/1/2025,8204,CARD,REVERSED,759e13f7-cc10-48fa-b93b-74900d53dfb3
284,114,3/17/2025,92784,NEFT,REVERSED,fb5f2b31-0556-4c69-adc0-52e0bf9baf6f
285,64,8/29/2025,16023,CARD,SUCCESS,f3b7c8d4-1b68-45f2-85be-f7c930429c2b
286,11,6/9/2025,114311,UPI,REVERSED,e30938d6-b809-4c5b-bd1e-6a2a0da6a4ca
287,94,9/27/2025,117498,CARD,FAILED,d4fe6e6c-3ee6-4fcc-930a-d5b9fb1d3d85
288,47,8/3/2025,7457,UPI,FAILED,86422ecd-1654-426b-8216-fdc899f2d185
289,182,3/19/2025,104227,CARD,FAILED,37d716a1-273c-41fc-a791-49424a3135ca
290,60,4/11/2025,37868,NEFT,SUCCESS,f073323d-3e07-4f57-95fa-21cdc96e8dd6
291,26,10/6/2025,14482,CHEQUE,REVERSED,cc4c4712-072d-4d5f-b383-233c77c069fb
292,84,3/24/2025,108777,CHEQUE,SUCCESS,161f871e-a9e0-4104-b0e9-702428fe0d32
293,105,1/26/2026,22009,CARD,FAILED,507a7c89-1998-4270-8892-c167edb25d2f
294,95,1/2/2026,114422,CARD,SUCCESS,7bfb0584-1d18-4643-8f70-19cd824127eb
295,66,8/3/2025,11708,NEFT,FAILED,14b87162-ea39-44d7-bd36-f3ad77cba3d1
296,41,12/5/2025,100465,CARD,FAILED,d2a24522-7ffc-47e3-8b10-ffea98cc768e
297,115,4/26/2025,92796,CHEQUE,SUCCESS,d066d1fe-6aad-45a7-84fd-4fd02cd01396
298,53,2/22/2025,71769,UPI,REVERSED,4e4a3cd3-c577-4a8f-847a-5e6adeb2378a
299,188,1/29/2026,119656,UPI,REVERSED,717ba212-9542-44da-bc95-9dcf47d9637c
300,27,11/30/2025,93539,NEFT,FAILED,200db01b-418d-4c39-9444-c7171281cf92
301,122,8/6/2025,20332,UPI,SUCCESS,12b5d5e7-714d-477e-9305-75054d94dbdc
302,197,10/11/2025,69110,CARD,REVERSED,a8d7f607-1653-475c-822e-d9710369c0dc
303,15,8/11/2025,38117,CARD,FAILED,f056357a-b7a4-4018-a6a3-c51e101a1a99
304,179,8/28/2025,79711,CHEQUE,REVERSED,8cb730d6-36e0-41f3-a76d-f4e57816fdfd
305,56,7/28/2025,21268,CHEQUE,FAILED,6499772b-cf54-4e0b-9d51-f8ffbb92df9c
306,95,1/5/2026,114666,CHEQUE,FAILED,ea39b7f4-9fe5-418c-9c3f-19a8b038a392
307,117,12/2/2025,113101,NEFT,REVERSED,70ae9975-3a3e-4f68-84c2-675d0f559d12
308,35,11/2/2025,30764,UPI,FAILED,f315b1ee-4071-42a3-a622-f7f320da535a
309,70,9/27/2025,9130,CARD,REVERSED,49df5688-e094-4c13-acfb-214999bccba5
310,94,6/16/2025,5640,CHEQUE,REVERSED,40ccf21c-a44c-42e7-992d-7296a7f72391
311,145,2/18/2025,27206,CHEQUE,REVERSED,62d0132f-abf6-481b-9435-e00b076c5ca9
312,14,9/23/2025,57695,CHEQUE,REVERSED,376ee88d-a5f2-43d3-8c4b-c8c246fa9d8b
313,54,6/24/2025,61293,CHEQUE,SUCCESS,b540451d-1f45-4273-aace-345a4819f1f3
314,51,12/18/2025,63794,UPI,FAILED,7114fc15-1325-456c-906d-050762cf7cc0
315,59,5/19/2025,15911,UPI,REVERSED,7ec79669-5e87-4ec0-9365-97ff05afe9a9
316,178,8/15/2025,116412,CHEQUE,SUCCESS,5c0cb405-76a0-4602-93f8-173273524427
317,62,10/19/2025,111359,UPI,FAILED,81a73dda-1162-461f-a085-87823b8f8d45
318,96,11/30/2025,35249,CHEQUE,SUCCESS,a14f925f-ab1e-435d-9fe0-a5ec791f6626
319,37,12/28/2025,15468,CHEQUE,SUCCESS,cc683f5a-d976-4b73-b35f-73221c816fc2
320,27,11/24/2025,86620,CARD,SUCCESS,94082969-2807-4abe-8e3f-da3479133d35
321,131,8/12/2025,37023,UPI,REVERSED,5399d3ad-a867-4f3b-8f66-3541a60739d6
322,82,3/4/2025,95205,CHEQUE,SUCCESS,6c3ee493-8478-4676-8bff-e00347306849
323,189,2/12/2025,98018,UPI,SUCCESS,017df90f-2686-4106-be09-b21e94119338
324,126,7/8/2025,31170,UPI,FAILED,e250b348-7bdc-4b13-82a9-0c8a8d9f37bb
325,4,2/19/2025,68285,UPI,REVERSED,45d91ec8-ebe8-4b75-af3d-d44199012b13
326,151,7/6/2025,52332,UPI,FAILED,27be69cf-751b-4a4c-8aba-df72c4828cb7
327,35,2/28/2025,86187,NEFT,FAILED,1dd82758-0395-418b-be05-dfaaec85ea43
328,112,12/30/2025,71313,CHEQUE,SUCCESS,0a7ca65a-f714-41b9-a396-07496b0f7521
329,157,10/6/2025,87895,CHEQUE,REVERSED,95182b61-9f43-4cac-bdfc-39262bd79502
330,126,12/12/2025,69366,CARD,REVERSED,91b44fbe-ce35-4a2e-b11f-3cdc9cc9ef9b
331,127,1/23/2026,86562,UPI,REVERSED,18e1b171-b7ab-4cac-8b2f-9943a728d47f
332,1,7/1/2025,7143,CHEQUE,REVERSED,abca8230-a963-4b0d-91da-2620680aff92
333,112,11/25/2025,59137,UPI,REVERSED,5990c3f1-1278-4d4a-a399-254662f520f0
334,61,11/27/2025,32718,CARD,REVERSED,38a35fd5-e765-4be2-aa15-a0b854912a94
335,143,7/20/2025,115420,UPI,REVERSED,5c0db921-0a45-47c3-8e17-1f3d90460582
336,114,9/14/2025,83199,UPI,SUCCESS,8008c09f-7040-4e8a-9622-07d82c994b98
337,133,9/6/2025,107059,NEFT,FAILED,63ad0730-4a01-40a8-8744-fd9309954d48
338,99,5/30/2025,118514,CHEQUE,FAILED,9ddaad55-6ca8-4c73-81c1-62f4f8f5bea5
339,104,6/16/2025,101780,UPI,REVERSED,9427c539-c4ba-46ed-95c0-a35be22b5443
340,35,6/30/2025,69758,UPI,FAILED,66df8b9a-db2a-4311-bbcb-464d8b4e60d3
341,87,10/27/2025,119726,UPI,SUCCESS,04a8be50-6a6c-4bf9-b903-261a16d7510f
342,14,4/27/2025,99700,CARD,REVERSED,54f23df4-7ccc-4747-8229-c42e1dbaa635
343,36,8/4/2025,64047,NEFT,FAILED,db936e44-9959-46ac-a6b2-b3edf40827c9
344,116,1/21/2026,79637,UPI,FAILED,1802f4c1-8734-4a71-82ca-f5307abd3409
345,54,5/25/2025,92429,CHEQUE,FAILED,928ffbeb-b265-4948-8725-16239d6624ef
346,94,7/22/2025,66864,CHEQUE,SUCCESS,3b0fb1cd-6ee8-4eef-be73-8c5234b26eb1
347,78,10/22/2025,111319,CARD,REVERSED,8ea2e28d-b6fe-41ec-83bb-27519c16315b
348,58,9/13/2025,1313,CARD,REVERSED,0a6261d9-f3c3-4669-9564-422f698f3dad
349,51,2/14/2025,39787,CHEQUE,FAILED,77f3c85c-24f3-426e-835c-3ebafc204bd6
350,75,8/3/2025,101975,NEFT,REVERSED,6aeed986-9a0f-440c-89b7-fbf836ac00d9
351,54,9/16/2025,67313,NEFT,REVERSED,eacc28a7-de84-49c9-963d-a925330318be
352,100,6/23/2025,95245,CARD,FAILED,5f7f9ad2-4bfe-44ac-867c-26f01cda2fb6
353,98,6/8/2025,58106,NEFT,FAILED,30559016-6603-4b93-8f6a-4952771eeca9
354,200,3/4/2025,25902,CHEQUE,REVERSED,596976be-7069-4e0e-8607-1f2db087bcdc
355,110,4/2/2025,4708,CHEQUE,REVERSED,4aad9dce-2cd5-4fdb-80f3-0a67a0c2bedd
356,35,7/26/2025,119418,CHEQUE,SUCCESS,3c58d704-a200-45a4-8a4b-0e124b0f046a
357,183,7/10/2025,5265,CHEQUE,FAILED,2a878b42-a501-4985-8788-56f387f96207
358,12,3/27/2025,118677,CHEQUE,FAILED,0d6056a6-b5a2-453b-9e74-e4ad8c5283f9
359,16,9/3/2025,9567,CARD,FAILED,963c2d4a-8f35-4419-ae71-18b083ea0aee
360,20,8/20/2025,70461,NEFT,REVERSED,1c622289-851d-4842-a887-3dd3e462357d
361,84,2/9/2025,29575,NEFT,FAILED,10eec83a-01f2-4962-8586-f53c0149805e
362,183,5/7/2025,32762,CARD,FAILED,365962ee-a5d7-4d1e-b0d6-cf1c2bb5c5f2
363,10,10/9/2025,47439,CHEQUE,SUCCESS,dc027c92-3db6-4299-a5f9-0cc7b651d16a
364,104,2/6/2025,113122,NEFT,SUCCESS,ea265c86-6440-4e0f-b613-dca1bc8e6a2c
365,6,2/2/2026,39489,NEFT,SUCCESS,f0ed251d-7424-48bb-b313-bc5519f17676
366,126,12/25/2025,8293,CARD,SUCCESS,de9983aa-6272-4931-a2d6-6e5b1f0de190
367,85,5/11/2025,107745,UPI,REVERSED,1becc621-1187-4d48-8288-604bc16fbb25
368,94,8/16/2025,112917,CHEQUE,REVERSED,99995158-5c40-47ff-8c9e-b1b608d63514
369,55,4/17/2025,55269,NEFT,REVERSED,8bb5f92f-a5e7-467f-a6ad-b557fed69e4c
370,184,10/22/2025,17098,CARD,SUCCESS,7d0beb8f-cd03-4877-8824-7f76c9aaf1d7
371,109,3/30/2025,19940,CHEQUE,FAILED,f9d99f19-f31a-46f0-ac37-32b4e3e58aef
372,162,3/18/2025,19664,UPI,FAILED,864f7af1-6fd4-4daf-a029-b56bb510148d
373,153,11/19/2025,3577,CARD,FAILED,efe6c98e-6008-474f-9d55-5e91e47645b2
374,34,5/4/2025,95469,NEFT,REVERSED,ac650ee3-433b-41bc-bf89-0e962bd315a9
375,120,2/20/2025,104961,UPI,REVERSED,89865e51-bb50-4149-859a-bae7ffbaa0ab
376,148,5/14/2025,62484,UPI,FAILED,43c19f9c-e780-48f7-9d33-1f6390f9c819
377,60,4/26/2025,31042,NEFT,REVERSED,5f061361-1952-4665-82b9-c5a74ddead73
378,28,11/29/2025,76687,UPI,FAILED,292867e6-4b54-410d-ba69-ed56a2547283
379,127,3/29/2025,110172,NEFT,SUCCESS,6f7d3a81-c3af-4e40-9921-ff26bf794a6c
380,68,4/7/2025,49263,UPI,FAILED,ccf00f9e-33ca-484a-89db-b212e0d6c058
381,139,11/28/2025,65516,NEFT,SUCCESS,c42fda7a-50d7-4443-a3e0-30ef4c4024cd
382,95,5/12/2025,21260,CHEQUE,SUCCESS,e0010259-7aac-4768-936c-435e911637cf
383,35,1/19/2026,75636,UPI,SUCCESS,2bdeb997-6821-4790-8245-d48548a68e4b
384,66,12/24/2025,118218,CARD,SUCCESS,27d6288c-3e29-4fd1-96ab-47980cb3eba2
385,66,2/19/2025,118700,CARD,SUCCESS,91512046-10f2-4d36-9bd4-e1344331c66d
386,93,6/4/2025,82524,CARD,REVERSED,34effb1c-5374-4b85-8609-2ed634ec5273
387,70,3/20/2025,31723,CHEQUE,REVERSED,cd7f1d69-5b1f-4f54-81d4-e462a01e9dd2
388,41,11/22/2025,81822,CARD,SUCCESS,37867bb5-d2fd-4dc9-be76-e7a510341659
389,34,3/26/2025,27129,NEFT,SUCCESS,1b0897c4-58c7-4af2-80c1-fe2f1d69fce2
390,73,6/14/2025,45788,CARD,FAILED,8dfe0852-abd3-4232-8e37-fcdd394d0c6f
391,44,6/17/2025,12594,UPI,FAILED,7066c165-5435-41a5-982d-a4adf5dc5602
392,189,3/9/2025,74743,NEFT,SUCCESS,1362ff27-4925-4abe-b80d-8f1ab9a1a7a7
393,25,9/30/2025,81206,CHEQUE,SUCCESS,c1c06194-ccab-4938-b241-4bb1269c721d
394,116,2/6/2025,102128,NEFT,SUCCESS,0ae660ce-a69f-4cd7-9324-d3b641fbe69b
395,95,6/23/2025,13529,CHEQUE,SUCCESS,9b2a888a-5a5d-46b4-8a01-0fe11ec1d48b
396,57,7/7/2025,48784,CHEQUE,FAILED,295dfad4-809b-4169-bb49-ef0219966e06
397,28,9/7/2025,81700,CARD,SUCCESS,cc38043b-6d93-480b-8661-0a5aa94d5019
398,107,8/11/2025,119427,CARD,FAILED,b4e47a47-d584-4271-9511-651693e2744d
399,132,3/20/2025,82210,NEFT,SUCCESS,836da58f-f58f-4c02-961f-f3db719cbf2f
400,87,7/30/2025,85470,UPI,REVERSED,aee4b05a-da51-4f77-8561-cfcbc7a32956
401,164,7/1/2025,13967,CARD,REVERSED,f7042921-ce5a-4efb-be23-9a7c2324617d
402,67,11/13/2025,89023,CHEQUE,SUCCESS,51abae0b-7ba2-40d0-99a8-4812473679dc
403,10,4/28/2025,61240,NEFT,SUCCESS,18289dd6-9a85-46ab-a7c8-515023979921
404,109,7/21/2025,38590,CHEQUE,FAILED,925f4eff-ddd6-40b7-87ee-c307ecd2b471
405,174,10/28/2025,110453,UPI,SUCCESS,7737a995-1e73-49c2-a400-df4237fc81b5
406,62,5/4/2025,94835,UPI,FAILED,30511559-1c7e-473d-8fdb-e0ec211e1bdb
407,129,12/11/2025,12713,NEFT,SUCCESS,b5bf6cc6-8ee5-4f2e-bb5f-5ce5412f3ce2
408,2,3/22/2025,70720,NEFT,SUCCESS,c541dd18-ea5f-4358-9c1f-b287bf0dfa24
409,133,3/2/2025,112473,UPI,SUCCESS,a1a6c2a6-9fb7-4d6d-bcac-0aff0da4b9b0
410,65,3/7/2025,29657,UPI,FAILED,2319ce57-9def-42d6-a031-efa3fa7698aa
411,89,6/10/2025,22694,CARD,FAILED,136dc8b4-6710-4ea1-965d-fe2fe03f6b1d
412,174,6/7/2025,40488,CHEQUE,FAILED,770ee48e-4e00-4a3f-93b8-dab0b0484f32
413,80,1/14/2026,53559,UPI,SUCCESS,2aa434f5-e613-41fa-9508-25f33f0b0ba3
414,175,5/3/2025,39624,NEFT,FAILED,aa02a3fa-975e-4a6b-af7a-8bff239a3224
415,87,9/9/2025,17658,NEFT,FAILED,4e3f81a4-30a8-4487-8a6d-c19d76990983
416,82,6/28/2025,39242,CHEQUE,SUCCESS,2092b083-e689-4700-a215-b55f89ee0d78
417,150,11/30/2025,117586,NEFT,FAILED,5e724496-751d-4433-bf6c-bddb84c63f8a
418,65,10/31/2025,107883,UPI,SUCCESS,afbd05a5-8c54-410c-b230-2f8561498518
419,172,8/27/2025,48776,UPI,FAILED,dfb54123-20cc-404b-99fa-35096d2c1118
420,26,11/11/2025,108803,CARD,SUCCESS,1e981411-8b05-4150-acbe-35d8533a0f54
421,85,6/15/2025,35156,CHEQUE,FAILED,8a241376-d3b3-40c0-bf73-bbf6f5e3205d
422,136,12/17/2025,93046,CHEQUE,SUCCESS,c559d333-22f4-429c-9f4a-cfa909b83f01
423,26,10/24/2025,82049,CARD,SUCCESS,005d4c25-46ec-406f-b8ce-9ed949d56208
424,129,2/24/2025,776,NEFT,FAILED,8f87a104-9037-4d27-b059-cfec7123fc23
425,133,9/9/2025,34370,NEFT,REVERSED,374f32c4-4a4e-42e7-86cf-1b731a4f96df
426,152,5/14/2025,16986,NEFT,REVERSED,5d14c388-e250-4c43-ac56-b8e476af4af2
427,136,5/31/2025,23874,UPI,SUCCESS,e66a4eae-0aa2-4dbb-a769-1cba165f7c8e
428,89,10/13/2025,59274,CHEQUE,SUCCESS,28fc0ffa-0d8b-4135-883e-0b825cd9d5d6
429,185,10/24/2025,49136,NEFT,SUCCESS,b271fdb9-f828-4031-b9ce-7855efce9b76
430,160,9/9/2025,2095,NEFT,FAILED,354add0e-8c4c-49fa-bc06-5bc476e0a785
431,63,3/13/2025,62835,CARD,SUCCESS,c5f69748-0815-401f-a2e9-c4ab5d50ad4e
432,38,2/14/2025,77829,UPI,SUCCESS,c19a82e4-4db8-451e-bc93-461f14c9600c
433,199,11/23/2025,34468,UPI,REVERSED,3a425825-e365-4a23-8f37-d5b0c78f15f4
434,24,10/18/2025,3215,NEFT,SUCCESS,5af08461-cf35-4080-bcd0-5593a493fb31
435,44,11/16/2025,50609,NEFT,FAILED,a205348d-46cf-43b6-9160-0678adce04d7
436,49,12/16/2025,9880,NEFT,REVERSED,58065d10-85ad-473a-bcab-81da088001f4
437,27,8/23/2025,55544,CHEQUE,REVERSED,d2703d69-be5c-4a92-bc75-44141202c4af
438,31,10/29/2025,68719,CHEQUE,FAILED,c8a28119-94db-4c9a-bb98-85d29d969b89
439,174,4/23/2025,60156,NEFT,FAILED,fe3633e9-64be-43b8-a97b-f389f352673c
440,186,10/27/2025,81847,UPI,REVERSED,aba119f7-def6-4256-bbca-4d8588172d7c
441,73,4/1/2025,28059,CHEQUE,SUCCESS,33faa2dc-ae9d-45d6-b77b-29035c1a398f
442,54,12/22/2025,59533,NEFT,FAILED,d0c59eb2-4b8e-4178-a5e2-a99d092bba14
443,85,12/24/2025,3587,UPI,FAILED,222408f1-b3cb-4605-bed3-60726fb347ce
444,116,11/8/2025,108652,UPI,FAILED,b1c267fb-70e9-44f4-a5f7-478b8a651802
445,129,1/21/2026,94845,CHEQUE,SUCCESS,6ab32f25-c1af-4c39-895d-a9f273026af4
446,162,4/28/2025,108477,CARD,SUCCESS,08da9586-c6b4-4863-bd57-776ef4c1399a
447,37,12/14/2025,112780,CARD,REVERSED,9607f2ef-d7d7-4e10-ac3c-2c4e984ed084
448,186,12/28/2025,36802,CARD,REVERSED,d5c271c7-681d-43ca-b3a5-1d69ffd9edb9
449,85,3/23/2025,22399,NEFT,REVERSED,d4d75631-c3a8-498f-a2c3-a83c8491666d
450,20,6/7/2025,19536,UPI,FAILED,35f70130-c7c8-4fd9-85b1-fa8bc59e681a
451,122,5/24/2025,7517,CHEQUE,FAILED,2958a585-92bb-4fcd-9653-655866132692
452,82,1/13/2026,42065,CARD,REVERSED,baf4410e-d5a4-46c0-a6e7-0e8ef2e4204b
453,66,3/24/2025,81300,CHEQUE,SUCCESS,b1e982c7-868a-43f5-ac3b-943495334754
454,15,9/23/2025,114454,NEFT,SUCCESS,9464d8f5-bdc7-4a10-a10f-8b071e856b02
455,90,1/20/2026,13414,CARD,SUCCESS,3ee5085d-0b34-4eef-bc54-c879bf7a0a05
456,41,9/12/2025,46331,NEFT,FAILED,55ddcead-949a-4267-9b7e-d1016606d1de
457,191,3/14/2025,36426,CHEQUE,FAILED,5eb1e864-0339-4f8e-a470-c8e42efc64d5
458,176,5/22/2025,96122,NEFT,FAILED,da3320c7-7be8-4ebb-ae3c-ffce749da827
459,59,8/3/2025,116197,CARD,SUCCESS,0062e437-1a70-47a0-9469-575ff50554cd
460,5,3/4/2025,910,UPI,SUCCESS,e2c28ba7-c079-420f-a547-79071e51624f
461,135,4/14/2025,68716,CHEQUE,FAILED,50d43e4c-d76a-47d5-bb17-422ba42b0fa7
462,194,3/28/2025,93074,CHEQUE,SUCCESS,dff906f9-f517-4f13-962e-cee3c5654f23
463,149,11/27/2025,9619,CHEQUE,REVERSED,284478f8-de0b-4e34-9978-85d35d9c069e
464,4,8/10/2025,39191,UPI,FAILED,b5223a65-96d9-4ca6-8aec-6bf20e83c7c8
465,156,10/4/2025,11935,UPI,REVERSED,22d708ab-b871-4268-a3b0-8fd50149190d
466,169,11/8/2025,41058,CARD,REVERSED,77e384da-ca35-46f1-bd90-6c62d6c84f2f
467,200,4/4/2025,46315,CHEQUE,FAILED,d6950c05-c8e2-4006-91be-e7ebb011e294
468,16,7/19/2025,13159,UPI,REVERSED,7735f963-2b73-4b69-a176-a375e34481c2
469,93,3/21/2025,72474,CHEQUE,REVERSED,40145f55-d735-4850-aee3-ba8ec7f5d2d8
470,72,7/4/2025,87616,UPI,REVERSED,d6ca6b22-bbd9-470a-9e42-c1450228144e
471,9,11/16/2025,63571,CHEQUE,REVERSED,9e6e81ac-4527-44d7-acf1-23cd5f52449b
472,77,8/30/2025,60260,NEFT,REVERSED,37edd057-846e-4acc-b917-7136a477ee84
473,110,9/20/2025,72553,UPI,SUCCESS,4ecfd124-7bdf-4f11-82a9-deb782336238
474,178,10/10/2025,83160,CHEQUE,SUCCESS,a8bc959b-400d-4476-97c0-3cbed7b484d7
475,174,6/23/2025,82736,CARD,FAILED,ec61da2f-b8da-48fa-a2ed-05c9464416a1
476,124,6/2/2025,113384,CARD,REVERSED,0c64a8a3-223f-484d-8b4a-448be66bfe39
477,139,11/21/2025,100121,CARD,SUCCESS,634546dc-d634-4676-9617-ecfedc9e08b3
478,27,2/27/2025,82982,CHEQUE,FAILED,6187373f-ac20-4b39-b2d5-791e64082dbf
479,1,12/31/2025,84552,UPI,REVERSED,57b90812-24b0-4654-8878-a7a74974ec4e
480,137,3/29/2025,68726,UPI,REVERSED,1c2f9152-a3b6-4905-a684-e3c0aab2cc9b
481,132,7/16/2025,17282,CARD,SUCCESS,d8e7deaa-cb20-4c9e-9cd8-8694e0c086bc
482,64,9/8/2025,21964,CARD,SUCCESS,dfb10935-4d30-4add-a6f4-f6f5b74a087b
483,43,10/22/2025,78304,UPI,REVERSED,37e648a0-044f-4958-9781-f09afe672fb9
484,57,8/30/2025,84042,CHEQUE,REVERSED,eed16ce8-6804-44f5-8111-59b30e45abca
485,32,4/19/2025,25057,CARD,SUCCESS,68cfbd54-60e7-4a60-a212-893b98787e16
486,74,2/4/2026,9307,CHEQUE,REVERSED,a1d329d8-f710-4912-a800-449fa617de29
487,24,4/20/2025,34826,UPI,FAILED,a316d314-0971-46ea-9a0f-b67402f4038f
488,127,11/16/2025,1383,CHEQUE,SUCCESS,97a7a946-1d40-41f6-92af-c46bd6de24e0
489,160,7/3/2025,37288,CARD,REVERSED,43637970-97a3-4e7a-a529-0ba4d3462fe9
490,128,2/12/2025,29245,CHEQUE,SUCCESS,2e1048d6-a15e-4ae0-a76b-bd9f6c641d9b
491,112,5/9/2025,90626,UPI,SUCCESS,ede49cef-3a1c-4a83-bb8a-e6aed59f4be5
492,180,11/16/2025,75082,UPI,REVERSED,9ce7401e-6fbf-4ea6-a9bb-b518548de9e9
493,13,1/15/2026,115740,UPI,SUCCESS,c0183534-a627-4705-8406-9b621cf252f0
494,177,4/9/2025,70620,NEFT,SUCCESS,307332e8-fb0a-434b-8d25-b0164a67bfd9
495,44,9/6/2025,28063,CARD,REVERSED,a0082041-b735-4d69-8424-907e7ac49a25
496,109,3/25/2025,90230,NEFT,SUCCESS,0a5fd6be-d2c1-48ab-84c1-f694e11a7348
497,184,8/16/2025,56064,UPI,SUCCESS,421efab7-757a-4851-922c-21779a09d1ed
498,102,12/26/2025,19875,UPI,FAILED,45307a17-2857-4a31-836e-9557aeeea607
499,122,5/19/2025,77298,UPI,SUCCESS,fa743dda-83c7-4469-9bc4-19d6ca77e4d8
500,62,7/16/2025,109314,NEFT,SUCCESS,5c4eb253-a494-4189-9c08-23b656b1478a
501,165,8/28/2025,46736,UPI,REVERSED,dda7e7ea-7562-48da-80ed-9c5c63627009
502,81,7/4/2025,66666,CHEQUE,FAILED,62850390-787c-4079-a9b0-19546ece79a9
503,166,1/14/2026,19615,NEFT,REVERSED,e8c14215-528a-40dc-906e-1f4d82162c6f
504,122,7/11/2025,72263,NEFT,REVERSED,2d671d32-313c-40e4-b92c-3e95cdffad65
505,152,6/11/2025,25187,UPI,FAILED,44d5f629-a222-4c4e-ac46-a09b1822cd22
506,141,9/26/2025,28857,CARD,FAILED,d008f8d8-33e1-4658-9bdc-356a97217286
507,97,6/1/2025,97679,CARD,REVERSED,3849e675-ac83-470d-a1bf-4dc264fc0b91
508,78,4/26/2025,91607,CARD,REVERSED,f4d0e3ad-1106-4aae-9136-2f5c43cb5333
509,190,2/9/2025,70193,CARD,SUCCESS,1b3c3dc9-a1bb-469b-af43-aa090f75f467
510,52,3/17/2025,36114,CARD,REVERSED,5862d85f-8807-49fb-bf34-910ccbefe87d
511,171,2/20/2025,59402,CHEQUE,REVERSED,dd58b38e-7c38-4153-8de1-c974875c62e6
512,191,11/5/2025,86346,UPI,SUCCESS,22f25981-89c0-4026-9965-82d0bac5c87f
513,51,3/28/2025,67519,NEFT,SUCCESS,fda787b7-e874-4b91-be0c-6eb3abbf83f5
514,189,1/29/2026,49626,UPI,SUCCESS,11668207-3b65-4a4f-aeca-ad8885faae3c
515,182,12/18/2025,84032,UPI,SUCCESS,b92e20cd-2f81-434b-b268-7c8167f9cbb1
516,161,11/27/2025,7756,NEFT,FAILED,bffd9c87-479c-461b-bd96-65383407305d
517,114,6/22/2025,50389,UPI,FAILED,f52f3ba6-bf53-45fe-973f-4cedbbee6b84
518,66,3/7/2025,87267,CARD,FAILED,2ed71e46-aa59-426a-89d8-fd66294eb503
519,192,4/15/2025,27957,CARD,FAILED,1d95f03d-cd5c-4a81-9610-946f7596f10c
520,133,4/9/2025,83219,CARD,SUCCESS,7a3e4aa8-1aff-495e-9469-a14fa7603042
521,19,4/27/2025,81877,NEFT,SUCCESS,027953ab-4b4e-4135-8c7f-9d4f5e9a1f1c
522,31,11/5/2025,67683,CARD,REVERSED,8ad125e6-30c0-4098-bf85-876f03cc4faf
523,34,6/10/2025,37938,UPI,SUCCESS,22d6bdf9-76c9-4edb-9a53-6ad4d34fa302
524,74,12/19/2025,33857,NEFT,FAILED,9681e7a6-b38c-443b-ba97-ff843b1e868f
525,92,4/4/2025,84948,CARD,FAILED,af7bdf40-9ed4-4e41-9947-a43bb887c815
526,193,11/20/2025,117795,CARD,FAILED,25e82e40-b084-4230-aaa6-03cf07387892
527,141,12/14/2025,102641,NEFT,FAILED,c27ea0ce-930c-4478-865c-f292381d1b71
528,110,11/30/2025,27611,NEFT,FAILED,4ba88f4e-e054-4d4a-800d-44e8dc721791
529,61,10/3/2025,19840,NEFT,SUCCESS,1be67fe1-5c11-4799-9f09-f0342cd168c5
530,140,12/23/2025,18267,UPI,FAILED,7a88ab0b-f8a4-4113-8f7c-2e7fe40b7219
531,49,4/28/2025,53349,NEFT,REVERSED,f53af15e-5050-4fe2-abee-20c78621b032
532,72,5/29/2025,39068,NEFT,FAILED,7a391c83-cbba-4b65-8aa1-26474e498cc2
533,176,6/10/2025,99976,CARD,SUCCESS,ffc529bb-3fe0-4302-9ef7-df4de4a99f3b
534,8,12/19/2025,34481,NEFT,FAILED,6f6de648-226d-49e8-bd7e-015205ab32aa
535,166,9/27/2025,20532,NEFT,FAILED,4839ee54-d2e5-48a0-9def-ab74620c7e51
536,145,5/12/2025,5437,UPI,REVERSED,4b1747e5-6266-4b5d-8b7f-57a9c889b2fb
537,176,7/19/2025,27143,CARD,SUCCESS,09c54463-e960-47cc-b052-4ca342489b1f
538,77,4/24/2025,81506,UPI,SUCCESS,f7de2875-b98f-4aa4-a1b9-15707a507971
539,195,3/4/2025,104818,UPI,FAILED,98dd4457-230b-4dc9-a8ff-700c0da4fd6e
540,163,6/17/2025,21137,NEFT,REVERSED,fd731701-498a-422f-a517-69dd5b2769a3
541,98,4/11/2025,81085,CHEQUE,REVERSED,3cc591b3-2991-4dfe-a8cc-a0270c2fb487
542,193,8/10/2025,86521,CHEQUE,FAILED,459969c8-c57a-45da-969f-cb410394e9f2
543,36,7/15/2025,30730,CHEQUE,REVERSED,10ec346b-cebd-4989-9e1a-b441fa2e892a
544,52,3/3/2025,11729,NEFT,SUCCESS,1459ac86-a70b-42a5-9c84-c77fe7dd737e
545,129,3/19/2025,51778,CARD,FAILED,89b2c134-a260-4788-ab51-3c228c8ab132
546,174,12/17/2025,33657,CARD,FAILED,2331e1c0-47d8-4956-8f79-c849e9dbccb0
547,187,11/19/2025,39107,UPI,SUCCESS,3d197ed5-c9fd-427f-b9c3-49ccd3447277
548,178,3/18/2025,46387,NEFT,FAILED,34b2f2f9-a1a9-42ef-8b1a-b10f4032aa64
549,116,3/13/2025,25838,NEFT,FAILED,68b6fa42-8b97-48bf-a797-9c7f3288d794
550,145,11/14/2025,30212,CHEQUE,FAILED,b27821f4-e505-4391-b49d-81862c8cc748
551,123,7/22/2025,78233,CHEQUE,SUCCESS,f03ede95-0170-4634-a630-33ddb2c9bc89
552,160,6/14/2025,2560,UPI,SUCCESS,7d07fb47-812c-4179-8f66-fb676f525265
553,82,5/4/2025,112972,CARD,SUCCESS,38531e7e-b4e7-4c7f-a44c-861dc1bd66e2
554,16,1/17/2026,114008,NEFT,FAILED,5e3e0602-1dfe-4a29-baef-08add1a27fbd
555,148,10/24/2025,35258,CARD,SUCCESS,b88aa7fb-942d-4ed0-b01e-e037e9437910
556,65,1/18/2026,34413,CARD,REVERSED,eaeebff9-475f-483a-a7c4-46037b0dd353
557,200,6/14/2025,91249,CHEQUE,REVERSED,991949f0-9e62-4d0b-802f-7fdd3c3dac4a
558,2,9/29/2025,82408,CHEQUE,FAILED,931c4121-243a-4586-aca7-8bbfb0fbebb1
559,8,1/1/2026,71197,UPI,FAILED,24562b3d-774c-4474-84aa-8824370e2e66
560,159,4/22/2025,84947,CARD,SUCCESS,fbf4452e-e4f5-4460-a307-fd0968c36da6
561,12,5/28/2025,45258,NEFT,FAILED,19b359f9-ea69-4d7b-8a28-34ebf16bbd18
562,104,7/27/2025,42362,UPI,REVERSED,66f2dc8f-fad6-44f6-ad2e-55566334a7ac
563,21,6/2/2025,17982,NEFT,SUCCESS,11301981-96de-418a-b2e2-4d3d21f35fd9
564,59,4/29/2025,1539,CHEQUE,FAILED,258d380c-ffb0-44cf-8653-9921ef6b2b10
565,165,2/21/2025,45286,NEFT,SUCCESS,8239ed43-f00d-4678-8e4d-d1fd4ba1a7ea
566,72,7/17/2025,68080,CHEQUE,REVERSED,a944514e-3b40-46b4-bb7d-de89cd4df682
567,191,5/22/2025,72390,UPI,REVERSED,9762634b-a619-4ef5-acce-b9aeb5b01bc1
568,166,7/15/2025,42152,UPI,SUCCESS,585ad3d8-4e9b-4cf7-83a4-1d76769755e3
569,151,3/23/2025,52162,CARD,SUCCESS,7d7d325f-8298-405f-9fce-0304ebfe619f
570,129,1/26/2026,52699,CHEQUE,REVERSED,3776e8bc-8f4d-47b5-a30e-0c646d42b6c6
571,169,6/18/2025,55205,NEFT,FAILED,86db7c4c-f529-4611-ade7-505192106003
572,191,11/10/2025,95231,CHEQUE,REVERSED,14deaebe-9806-48d9-83df-cd03bc7304ed
573,185,11/3/2025,102384,NEFT,FAILED,4b1ff124-4559-4f05-95b9-4989b64ae464
574,194,4/24/2025,21573,CARD,FAILED,c84028fb-e0dd-46a8-a26c-6f86144c2fb0
575,82,9/8/2025,40798,UPI,FAILED,28926290-b909-4052-b1fe-25285a5c7c3f
576,122,12/16/2025,59878,NEFT,FAILED,a18d306f-5558-4dba-9d8c-37204b543560
577,82,3/25/2025,18570,NEFT,SUCCESS,8e0b7693-27f8-408d-91d0-81cb75145673
578,134,1/22/2026,8150,UPI,FAILED,dbe92f4e-37ad-498d-aa0c-6c93b7eb86df
579,61,11/19/2025,112535,CHEQUE,FAILED,f86f99ce-7afd-4500-a1a0-522067de09e3
580,145,1/23/2026,4472,CHEQUE,REVERSED,2572dd6f-1735-4841-abf1-954d35fce1df
581,182,12/28/2025,94179,CHEQUE,SUCCESS,68f74da8-835f-42a0-93b7-493de07a1eb6
582,87,7/17/2025,37266,CARD,SUCCESS,f44ebe68-6f47-4082-ba38-8d5aa0122cb8
583,90,5/21/2025,81038,CHEQUE,REVERSED,a0e1c94d-6788-4f3c-b21e-680480e1c114
584,162,6/9/2025,108104,NEFT,REVERSED,70c20b6c-8d2b-46f0-9411-77d69d8e3be2
585,112,2/3/2026,117834,NEFT,REVERSED,2f75aa4e-b0a1-4fa4-ba43-da35b3fe16e2
586,174,12/31/2025,48569,NEFT,REVERSED,0c843e7e-b846-4975-a9dd-6f1749fe31c2
587,60,3/9/2025,112384,UPI,SUCCESS,1561954e-368c-471e-9e81-ef061e29d857
588,38,2/22/2025,27101,CHEQUE,REVERSED,851d6723-3bd3-49a0-b82b-7fb16322cc38
589,56,3/17/2025,57807,CHEQUE,REVERSED,27198423-ad05-4c7c-bab5-56d7e3f083d0
590,178,2/11/2025,3848,NEFT,REVERSED,42d26e78-ac47-4928-b772-b6a7b7aaf967
591,10,4/18/2025,62997,CARD,REVERSED,1fa3d3aa-43d7-4bba-9724-03d4ca7eca07
592,15,8/8/2025,119749,UPI,REVERSED,309ab583-eaf3-45d4-8dc4-ba1a3e5943bb
593,46,11/15/2025,107148,CHEQUE,FAILED,5b1abef2-bebb-4ba7-80ac-09c0fda69a30
594,50,3/20/2025,50286,CARD,FAILED,8c409291-5643-42a4-9659-84cad7ef5fbc
595,80,3/17/2025,40963,NEFT,SUCCESS,01eba19c-080a-4e43-a292-0ede7707c4f2
596,185,5/28/2025,63994,CHEQUE,SUCCESS,58c04faa-e51e-4b8a-8df0-2ce5205128f4
597,48,6/17/2025,88080,NEFT,SUCCESS,79dc3a48-2206-4fe7-98b9-9f83bdfa54ef
598,66,9/6/2025,74571,UPI,FAILED,11d49af4-1fa0-4663-b4a9-0ee2cef2a352
599,80,12/4/2025,22275,CHEQUE,FAILED,55024124-4a8d-43fc-9af9-a8a859e8068f
600,118,9/8/2025,56949,CARD,SUCCESS,b9257105-d44b-4b53-a628-482adcb29148
601,94,5/4/2025,73178,UPI,SUCCESS,c620bcc7-3c2c-4c4e-9207-0948bd9f0213
602,10,10/27/2025,52465,CARD,SUCCESS,85c23941-b54a-4637-9084-5b61a4e1fe3d
603,96,9/29/2025,56988,UPI,REVERSED,ad57da23-9826-4f48-a653-ce29b90c4e11
604,156,1/29/2026,63084,CARD,REVERSED,6345e4ca-6a8b-495c-948e-6d89274e20c1
605,22,1/5/2026,92925,CARD,SUCCESS,f9b7fe4b-12b7-4b44-8353-f160e2d6595b
606,86,7/15/2025,48564,CHEQUE,REVERSED,172420a5-5fe5-4a43-9e21-735c3784a519
607,38,10/21/2025,21257,CARD,FAILED,0418bfb9-2580-4b2d-bc04-59312414887c
608,135,3/2/2025,2120,UPI,SUCCESS,1ab73934-a0da-4be3-bebe-4b2e7b4939f4
609,15,11/1/2025,5088,CARD,SUCCESS,07fbeb74-acc6-44a6-aa65-78dc5e0f3c97
610,72,5/16/2025,55130,UPI,REVERSED,9b5ba962-a41f-43ea-bb00-722993b15781
611,40,8/20/2025,27218,CHEQUE,REVERSED,1b08682f-7193-4033-b67e-8434540ee0be
612,197,12/14/2025,97581,UPI,SUCCESS,f0544151-d4f1-4a9f-a852-7b46073d03b8
613,193,6/6/2025,28805,CARD,SUCCESS,472f491e-640f-4e53-aad8-04447eb41ec5
614,31,1/26/2026,86555,NEFT,SUCCESS,ac79bcde-cbe6-4ea9-b704-dcfaefe1d0e7
615,68,3/16/2025,65941,CARD,FAILED,1b351c2f-715c-4273-a5d3-fdb0ee4039c5
616,14,12/21/2025,23288,UPI,REVERSED,71ee54b5-4277-48aa-9a35-ce9171d6cd7b
617,161,2/12/2025,110645,CARD,REVERSED,d0c16d44-b791-4dba-bcd8-e99b5075c9c1
618,89,12/9/2025,79882,CARD,SUCCESS,dc5ce4cf-5065-4332-b16f-cdc65c7fbeab
619,107,10/19/2025,47079,UPI,FAILED,b2bbd784-5c1f-4156-8e55-8883b1036efe
620,161,4/1/2025,34882,UPI,REVERSED,71a011c8-d32a-49b2-bed4-ac00634ce30e
621,116,3/31/2025,32460,NEFT,SUCCESS,3b878bb0-be29-466a-9419-d1359e0fbbe1
622,119,11/19/2025,82067,NEFT,FAILED,1bf7571f-de44-42e2-adf4-71eca4874d4f
623,127,2/22/2025,85355,UPI,SUCCESS,b4db723a-daf8-49a0-8d3a-b405a79a8dff
624,41,8/30/2025,8565,CARD,SUCCESS,35b5c3b6-dfc4-42b4-bb7e-c981d2624458
625,155,3/14/2025,104772,UPI,FAILED,ba9baf65-c7f7-4098-9144-c7ac99863aaa
626,192,10/22/2025,38471,CARD,FAILED,615d6555-7822-4baf-b731-e269dbbc68d6
627,31,7/29/2025,84848,CARD,REVERSED,7d240a6d-b121-4f56-85bb-8feba0e5afa1
628,106,6/9/2025,20003,UPI,FAILED,400714d6-fcd1-4411-8c03-b9a5d2023b9f
629,36,3/13/2025,71502,UPI,REVERSED,d929fe42-821b-4be7-a142-360fe0fcd9db
630,187,12/6/2025,74178,NEFT,REVERSED,bce5fcf2-8179-4c4f-8a19-654383f87201
631,52,10/5/2025,18586,NEFT,REVERSED,aca3010f-2f40-4c93-ac42-19135f029361
632,159,7/10/2025,12151,CHEQUE,FAILED,8b0360c1-0ea8-4c91-a4bb-b0a12a8324be
633,186,7/15/2025,10885,CARD,FAILED,57f5e545-f7e2-4a68-9db3-6682bcda73d6
634,158,5/31/2025,89339,CARD,REVERSED,df192244-d140-4a42-93af-901ca489c433
635,7,5/30/2025,80593,UPI,REVERSED,d7a28c1c-216b-452b-adf3-5c4216dbdab7
636,23,11/29/2025,1848,CHEQUE,FAILED,3abb4c93-8505-4464-a9b8-0e20608f0480
637,182,4/14/2025,15061,CHEQUE,FAILED,cbbb5055-aeba-483e-80c8-3650b50e0b08
638,63,7/25/2025,5710,UPI,REVERSED,58e7b06e-1d0f-4375-8be2-f6674dae91bd
639,36,10/31/2025,20174,NEFT,FAILED,53b45ed0-386f-40bc-82b9-ca7376f04c35
640,27,7/2/2025,59968,NEFT,FAILED,88c54a46-a518-48ab-97ef-12d199bcc72f
641,56,12/14/2025,119475,NEFT,REVERSED,2096c01f-4e7c-499f-b1a5-8d011d23cb09
642,43,12/14/2025,100920,CARD,SUCCESS,60f3fb52-7797-4192-bcca-df600ba3989b
643,54,9/23/2025,107929,CARD,FAILED,60b5b131-5e07-4646-a140-53395357a8d4
644,55,7/26/2025,75678,CHEQUE,SUCCESS,ac3f209e-3fdf-4324-a6aa-d3219361303d
645,20,1/16/2026,3651,CARD,REVERSED,e0a663cd-3415-496f-8e88-81683c332c13
646,40,7/14/2025,115939,CHEQUE,SUCCESS,62706d9f-5938-4c65-b229-23ccb1b4f6ce
647,67,7/19/2025,98650,UPI,SUCCESS,c5f949ec-2d41-4147-9b25-e8ff534b3260
648,54,8/31/2025,103777,NEFT,SUCCESS,258e8be5-6eed-4eaa-aad6-99d6d7ec262f
649,15,3/19/2025,44830,CHEQUE,FAILED,eba25306-c38d-4a7b-8244-008da15a081f
650,155,5/24/2025,80632,UPI,FAILED,e3046fd2-7af2-4138-b157-9e1cafe43784
